-- phpMyAdmin SQL Dump
-- version 5.2.1
-- https://www.phpmyadmin.net/
--
-- Host: db:3306
-- Generation Time: Nov 14, 2024 at 03:56 PM
-- Server version: 9.1.0
-- PHP Version: 8.2.25

SET SQL_MODE = "NO_AUTO_VALUE_ON_ZERO";
START TRANSACTION;
SET time_zone = "+00:00";


/*!40101 SET @OLD_CHARACTER_SET_CLIENT=@@CHARACTER_SET_CLIENT */;
/*!40101 SET @OLD_CHARACTER_SET_RESULTS=@@CHARACTER_SET_RESULTS */;
/*!40101 SET @OLD_COLLATION_CONNECTION=@@COLLATION_CONNECTION */;
/*!40101 SET NAMES utf8mb4 */;

--
-- Database: `cdtkpmnc_21880263`
--
CREATE DATABASE IF NOT EXISTS `cdtkpmnc_21880263` DEFAULT CHARACTER SET utf8mb4 COLLATE utf8mb4_0900_ai_ci;
USE `cdtkpmnc_21880263`;

-- --------------------------------------------------------

--
-- Table structure for table `Amenities`
--

CREATE TABLE `Amenities` (
  `id` int NOT NULL,
  `Name` varchar(100) NOT NULL
) ENGINE=InnoDB DEFAULT CHARSET=utf8mb4 COLLATE=utf8mb4_0900_ai_ci;

--
-- Dumping data for table `Amenities`
--

INSERT INTO `Amenities` (`id`, `Name`) VALUES
(2, 'King bed'),
(3, 'Queen bed'),
(1, 'TV');

-- --------------------------------------------------------

--
-- Table structure for table `Areas`
--

CREATE TABLE `Areas` (
  `Id` int NOT NULL,
  `Name` varchar(1) CHARACTER SET utf8mb4 COLLATE utf8mb4_0900_ai_ci NOT NULL,
  `Hotel_Id` int NOT NULL
) ENGINE=InnoDB DEFAULT CHARSET=utf8mb4 COLLATE=utf8mb4_0900_ai_ci;

--
-- Dumping data for table `Areas`
--

INSERT INTO `Areas` (`Id`, `Name`, `Hotel_Id`) VALUES
(1, 'A', 1),
(2, 'B', 1),
(3, 'C', 1),
(4, 'D', 1);

-- --------------------------------------------------------

--
-- Table structure for table `Bookings`
--

CREATE TABLE `Bookings` (
  `id` int NOT NULL,
  `Room_Id` int NOT NULL,
  `CheckInDate` date NOT NULL,
  `Total` float NOT NULL,
  `Status` varchar(20) CHARACTER SET utf8mb4 COLLATE utf8mb4_unicode_ci NOT NULL,
  `Nights` int NOT NULL
) ENGINE=InnoDB DEFAULT CHARSET=utf8mb4 COLLATE=utf8mb4_unicode_ci;

--
-- Dumping data for table `Bookings`
--

INSERT INTO `Bookings` (`id`, `Room_Id`, `CheckInDate`, `Total`, `Status`, `Nights`) VALUES
(2057, 6, '2024-10-31', 1400, 'paid', 7),
(2059, 9, '2024-08-07', 900, 'paid', 9),
(2061, 13, '2024-10-15', 1800, 'paid', 6),
(2062, 24, '2024-08-19', 3000, 'paid', 10),
(2063, 24, '2024-08-19', 3000, 'paid', 10),
(2065, 12, '2024-08-18', 900, 'cancelled', 6),
(2066, 20, '2024-08-11', 300, 'cancelled', 2),
(2068, 16, '2024-08-09', 600, 'cancelled', 2),
(2069, 16, '2024-08-09', 600, 'cancelled', 2),
(2070, 8, '2024-11-15', 1800, 'cancelled', 6),
(2077, 3, '2024-09-14', 600, 'cancelled', 4),
(2078, 12, '2024-11-22', 150, 'paid', 1),
(2080, 5, '2024-11-23', 600, 'cancelled', 6),
(2083, 16, '2024-08-11', 2100, 'paid', 7),
(2084, 20, '2024-10-09', 150, 'paid', 1),
(2087, 26, '2024-09-26', 900, 'cancelled', 3),
(2089, 20, '2024-09-02', 1200, 'paid', 8),
(2090, 3, '2024-11-07', 1500, 'paid', 10),
(2091, 3, '2024-11-07', 1500, 'paid', 10),
(2092, 25, '2024-11-17', 150, 'paid', 1),
(2093, 25, '2024-11-17', 150, 'paid', 1),
(2094, 11, '2024-08-02', 1600, 'cancelled', 8),
(2096, 5, '2024-09-04', 900, 'cancelled', 9),
(2097, 5, '2024-09-04', 900, 'cancelled', 9),
(2098, 5, '2024-10-07', 100, 'cancelled', 1),
(2100, 15, '2024-11-22', 400, 'cancelled', 2),
(2101, 15, '2024-11-22', 400, 'cancelled', 2),
(2104, 17, '2024-10-15', 2100, 'cancelled', 7),
(2107, 11, '2024-09-17', 1800, 'cancelled', 9),
(2108, 3, '2024-08-12', 1500, 'cancelled', 10),
(2110, 8, '2024-09-24', 1500, 'cancelled', 5),
(2111, 8, '2024-09-24', 1500, 'cancelled', 5),
(2112, 4, '2024-08-20', 500, 'cancelled', 5),
(2113, 4, '2024-08-20', 500, 'cancelled', 5),
(2119, 12, '2024-11-06', 1050, 'cancelled', 7),
(2120, 10, '2024-08-08', 1800, 'paid', 6),
(2121, 10, '2024-08-08', 1800, 'paid', 6),
(2123, 16, '2024-11-16', 2100, 'paid', 7),
(2126, 19, '2024-08-07', 450, 'paid', 3),
(2128, 24, '2024-08-26', 3000, 'paid', 10),
(2129, 24, '2024-08-26', 3000, 'paid', 10),
(2130, 22, '2024-08-09', 500, 'paid', 5),
(2131, 22, '2024-08-09', 500, 'paid', 5),
(2134, 21, '2024-08-16', 600, 'cancelled', 3),
(2136, 24, '2024-11-22', 600, 'paid', 2),
(2137, 24, '2024-11-22', 600, 'paid', 2),
(2138, 30, '2024-08-25', 800, 'cancelled', 8),
(2139, 30, '2024-08-25', 800, 'cancelled', 8),
(2141, 12, '2024-09-17', 1200, 'cancelled', 8),
(2144, 8, '2024-11-10', 1500, 'cancelled', 5),
(2145, 8, '2024-11-10', 1500, 'cancelled', 5),
(2146, 17, '2024-08-29', 1500, 'paid', 5),
(2147, 17, '2024-08-29', 1500, 'paid', 5),
(2148, 18, '2024-11-12', 1050, 'paid', 7),
(2149, 18, '2024-11-12', 1050, 'paid', 7),
(2150, 3, '2024-11-04', 1200, 'paid', 8),
(2153, 25, '2024-10-04', 450, 'paid', 3),
(2154, 3, '2024-11-27', 150, 'cancelled', 1),
(2157, 29, '2024-09-13', 300, 'paid', 3),
(2159, 3, '2024-10-03', 900, 'paid', 6),
(2161, 15, '2024-10-03', 200, 'paid', 1),
(2169, 21, '2024-10-19', 800, 'cancelled', 4),
(2170, 20, '2024-08-04', 1200, 'paid', 8),
(2178, 5, '2024-11-27', 600, 'paid', 6),
(2179, 5, '2024-11-27', 600, 'paid', 6),
(2184, 19, '2024-09-22', 1350, 'paid', 9),
(2185, 19, '2024-09-22', 1350, 'paid', 9),
(2186, 29, '2024-10-30', 300, 'cancelled', 3),
(2187, 29, '2024-10-30', 300, 'cancelled', 3),
(2191, 23, '2024-09-12', 150, 'paid', 1),
(2192, 18, '2024-08-04', 600, 'cancelled', 4),
(2193, 18, '2024-08-04', 600, 'cancelled', 4),
(2195, 15, '2024-09-18', 1200, 'paid', 6),
(2198, 3, '2024-10-22', 450, 'cancelled', 3),
(2199, 3, '2024-10-22', 450, 'cancelled', 3),
(2201, 5, '2024-10-08', 900, 'paid', 9),
(2203, 24, '2024-11-25', 1500, 'paid', 5),
(2204, 24, '2024-11-06', 2400, 'paid', 8),
(2205, 24, '2024-11-06', 2400, 'paid', 8),
(2208, 5, '2024-09-01', 100, 'cancelled', 1),
(2209, 5, '2024-09-01', 100, 'cancelled', 1),
(2215, 2, '2024-08-16', 200, 'paid', 2),
(2218, 25, '2024-11-18', 150, 'cancelled', 1),
(2219, 25, '2024-11-18', 150, 'cancelled', 1),
(2220, 1, '2024-09-06', 300, 'paid', 3),
(2221, 1, '2024-09-06', 300, 'paid', 3),
(2224, 27, '2024-08-07', 1200, 'cancelled', 4),
(2225, 27, '2024-08-07', 1200, 'cancelled', 4),
(2228, 2, '2024-08-01', 1000, 'cancelled', 10),
(2229, 2, '2024-08-01', 1000, 'cancelled', 10),
(2230, 19, '2024-10-08', 450, 'paid', 3),
(2234, 15, '2024-08-10', 1400, 'cancelled', 7),
(2236, 27, '2024-09-12', 300, 'cancelled', 1),
(2238, 27, '2024-09-02', 1500, 'cancelled', 5),
(2239, 27, '2024-09-02', 1500, 'cancelled', 5),
(2240, 28, '2024-09-07', 1800, 'paid', 6),
(2241, 28, '2024-09-07', 1800, 'paid', 6),
(2242, 29, '2024-11-22', 1000, 'cancelled', 10),
(2244, 20, '2024-09-23', 1050, 'paid', 7),
(2245, 20, '2024-09-23', 1050, 'paid', 7),
(2247, 27, '2024-08-09', 3000, 'paid', 10),
(2250, 10, '2024-09-10', 1200, 'cancelled', 4),
(2251, 10, '2024-09-10', 1200, 'cancelled', 4),
(2254, 5, '2024-10-07', 100, 'paid', 1),
(2256, 1, '2024-10-08', 600, 'cancelled', 6),
(2259, 23, '2024-09-02', 750, 'paid', 5),
(2260, 15, '2024-09-03', 200, 'cancelled', 1),
(2262, 21, '2024-08-01', 1600, 'paid', 8),
(2263, 21, '2024-08-01', 1600, 'paid', 8),
(2268, 8, '2024-11-26', 2700, 'cancelled', 9),
(2269, 8, '2024-11-26', 2700, 'cancelled', 9),
(2271, 11, '2024-10-18', 800, 'paid', 4),
(2272, 11, '2024-09-24', 600, 'cancelled', 3),
(2273, 11, '2024-09-24', 600, 'cancelled', 3),
(2276, 27, '2024-11-24', 1800, 'paid', 6),
(2282, 8, '2024-08-15', 1200, 'paid', 4),
(2283, 8, '2024-08-15', 1200, 'paid', 4),
(2288, 23, '2024-09-19', 300, 'cancelled', 2),
(2290, 14, '2024-09-08', 2400, 'paid', 8),
(2291, 14, '2024-09-08', 2400, 'paid', 8),
(2295, 8, '2024-11-16', 900, 'cancelled', 3),
(2299, 23, '2024-09-26', 1500, 'cancelled', 10),
(2302, 28, '2024-08-21', 900, 'cancelled', 3),
(2303, 28, '2024-08-21', 900, 'cancelled', 3),
(2305, 14, '2024-08-19', 1800, 'paid', 6),
(2306, 15, '2024-09-08', 1000, 'paid', 5),
(2309, 22, '2024-11-21', 800, 'paid', 8),
(2310, 1, '2024-09-02', 800, 'paid', 8),
(2311, 1, '2024-09-02', 800, 'paid', 8),
(2312, 12, '2024-10-10', 150, 'cancelled', 1),
(2313, 12, '2024-10-10', 150, 'cancelled', 1),
(2314, 12, '2024-11-11', 300, 'paid', 2),
(2315, 12, '2024-11-11', 300, 'paid', 2),
(2316, 5, '2024-09-27', 300, 'paid', 3),
(2318, 2, '2024-09-20', 200, 'cancelled', 2),
(2322, 12, '2024-10-18', 150, 'cancelled', 1),
(2323, 12, '2024-10-18', 150, 'cancelled', 1),
(2324, 17, '2024-09-18', 600, 'paid', 2),
(2325, 17, '2024-09-18', 600, 'paid', 2),
(2328, 2, '2024-09-16', 600, 'cancelled', 6),
(2330, 28, '2024-08-14', 2700, 'paid', 9),
(2331, 28, '2024-08-14', 2700, 'paid', 9),
(2333, 2, '2024-11-21', 800, 'paid', 8),
(2337, 11, '2024-08-16', 1600, 'cancelled', 8),
(2339, 30, '2024-10-14', 500, 'cancelled', 5),
(2344, 30, '2024-09-27', 400, 'cancelled', 4),
(2346, 14, '2024-10-18', 300, 'cancelled', 1),
(2347, 14, '2024-10-18', 300, 'cancelled', 1),
(2348, 30, '2024-08-07', 1000, 'paid', 10),
(2353, 6, '2024-11-19', 800, 'cancelled', 4),
(2354, 4, '2024-11-02', 700, 'paid', 7),
(2357, 11, '2024-08-18', 1000, 'paid', 5),
(2358, 1, '2024-10-21', 200, 'paid', 2),
(2359, 1, '2024-10-21', 200, 'paid', 2),
(2361, 24, '2024-10-04', 1200, 'paid', 4),
(2362, 1, '2024-08-26', 400, 'paid', 4),
(2363, 1, '2024-08-26', 400, 'paid', 4),
(2364, 24, '2024-10-23', 900, 'cancelled', 3),
(2365, 24, '2024-10-23', 900, 'cancelled', 3),
(2367, 16, '2024-08-15', 1500, 'paid', 5),
(2368, 3, '2024-08-20', 1200, 'paid', 8),
(2369, 3, '2024-08-20', 1200, 'paid', 8),
(2371, 12, '2024-08-16', 750, 'cancelled', 5),
(2376, 12, '2024-09-25', 1500, 'cancelled', 10),
(2377, 12, '2024-09-25', 1500, 'cancelled', 10),
(2379, 29, '2024-10-01', 300, 'paid', 3),
(2380, 4, '2024-08-23', 800, 'paid', 8),
(2382, 1, '2024-08-28', 400, 'cancelled', 4),
(2383, 1, '2024-08-28', 400, 'cancelled', 4),
(2386, 22, '2024-11-07', 600, 'paid', 6),
(2387, 22, '2024-11-07', 600, 'paid', 6),
(2388, 10, '2024-08-06', 600, 'cancelled', 2),
(2390, 26, '2024-11-20', 900, 'paid', 3),
(2392, 23, '2024-09-11', 1200, 'paid', 8),
(2394, 10, '2024-09-18', 3000, 'cancelled', 10),
(2395, 10, '2024-09-18', 3000, 'cancelled', 10),
(2397, 6, '2024-11-15', 800, 'paid', 4),
(2400, 20, '2024-09-10', 750, 'paid', 5),
(2401, 20, '2024-09-10', 750, 'paid', 5),
(2403, 5, '2024-11-17', 400, 'paid', 4),
(2405, 29, '2024-11-26', 300, 'cancelled', 3),
(2406, 10, '2024-09-22', 1200, 'paid', 4),
(2407, 10, '2024-09-22', 1200, 'paid', 4),
(2409, 1, '2024-09-28', 500, 'paid', 5),
(2410, 24, '2024-10-21', 1500, 'paid', 5),
(2414, 18, '2024-09-19', 1500, 'cancelled', 10),
(2415, 18, '2024-09-19', 1500, 'cancelled', 10),
(2420, 4, '2024-09-13', 700, 'paid', 7),
(2422, 16, '2024-09-20', 900, 'cancelled', 3),
(2423, 16, '2024-09-20', 900, 'cancelled', 3),
(2427, 15, '2024-08-09', 400, 'paid', 2),
(2428, 12, '2024-09-05', 450, 'paid', 3),
(2429, 12, '2024-09-05', 450, 'paid', 3),
(2434, 23, '2024-08-03', 750, 'cancelled', 5),
(2437, 20, '2024-11-11', 450, 'paid', 3),
(2439, 2, '2024-11-16', 700, 'paid', 7),
(2442, 23, '2024-09-27', 300, 'paid', 2),
(2448, 12, '2024-09-24', 1200, 'cancelled', 8),
(2451, 29, '2024-08-02', 800, 'paid', 8),
(2452, 23, '2024-09-21', 1350, 'paid', 9),
(2453, 23, '2024-09-21', 1350, 'paid', 9),
(2454, 3, '2024-09-11', 150, 'cancelled', 1),
(2455, 3, '2024-09-11', 150, 'cancelled', 1),
(2457, 4, '2024-10-19', 400, 'paid', 4),
(2458, 16, '2024-08-26', 1500, 'cancelled', 5),
(2461, 20, '2024-10-29', 450, 'cancelled', 3),
(2463, 17, '2024-10-20', 2700, 'cancelled', 9),
(2464, 22, '2024-11-05', 100, 'cancelled', 1),
(2467, 6, '2024-11-11', 400, 'cancelled', 2),
(2471, 1, '2024-10-09', 100, 'paid', 1),
(2472, 24, '2024-09-27', 2400, 'paid', 8),
(2474, 28, '2024-11-14', 1800, 'paid', 6),
(2482, 28, '2024-08-08', 2700, 'cancelled', 9),
(2483, 28, '2024-08-08', 2700, 'cancelled', 9),
(2488, 12, '2024-09-23', 1200, 'cancelled', 8),
(2490, 1, '2024-11-20', 800, 'cancelled', 8),
(2495, 21, '2024-08-17', 1600, 'paid', 8),
(2497, 6, '2024-08-24', 1600, 'paid', 8),
(2498, 13, '2024-10-24', 1200, 'cancelled', 4),
(2499, 13, '2024-10-24', 1200, 'cancelled', 4),
(2504, 21, '2024-10-28', 800, 'paid', 4),
(2506, 17, '2024-11-12', 1800, 'paid', 6),
(2507, 17, '2024-11-12', 1800, 'paid', 6),
(2509, 19, '2024-10-24', 450, 'paid', 3),
(2510, 12, '2024-11-17', 1500, 'paid', 10),
(2511, 12, '2024-11-17', 1500, 'paid', 10),
(2512, 8, '2024-09-01', 1200, 'cancelled', 4),
(2520, 26, '2024-11-24', 600, 'cancelled', 2),
(2521, 26, '2024-11-24', 600, 'cancelled', 2),
(2523, 9, '2024-11-28', 700, 'cancelled', 7),
(2525, 20, '2024-10-24', 300, 'paid', 2),
(2529, 11, '2024-11-24', 800, 'paid', 4),
(2532, 19, '2024-08-16', 150, 'paid', 1),
(2533, 19, '2024-08-16', 150, 'paid', 1),
(2534, 11, '2024-11-07', 200, 'cancelled', 1),
(2539, 25, '2024-08-20', 150, 'paid', 1),
(2542, 12, '2024-11-22', 1050, 'paid', 7),
(2555, 7, '2024-09-22', 1200, 'paid', 4),
(2557, 4, '2024-09-01', 700, 'cancelled', 7),
(2559, 28, '2024-09-07', 600, 'cancelled', 2),
(2562, 30, '2024-08-25', 800, 'paid', 8),
(2563, 30, '2024-08-25', 800, 'paid', 8),
(2564, 21, '2024-11-07', 600, 'cancelled', 3),
(2565, 21, '2024-11-07', 600, 'cancelled', 3),
(2566, 12, '2024-09-04', 1200, 'cancelled', 8),
(2570, 10, '2024-09-28', 2700, 'paid', 9),
(2574, 16, '2024-09-19', 300, 'cancelled', 1),
(2575, 16, '2024-09-19', 300, 'cancelled', 1),
(2576, 5, '2024-11-25', 1000, 'cancelled', 10),
(2577, 5, '2024-11-25', 1000, 'cancelled', 10),
(2579, 30, '2024-11-24', 900, 'paid', 9),
(2581, 5, '2024-10-08', 300, 'paid', 3),
(2582, 14, '2024-11-02', 600, 'cancelled', 2),
(2583, 14, '2024-11-02', 600, 'cancelled', 2),
(2585, 15, '2024-11-09', 200, 'cancelled', 1),
(2588, 21, '2024-09-08', 800, 'cancelled', 4),
(2589, 21, '2024-09-08', 800, 'cancelled', 4),
(2590, 24, '2024-08-30', 2400, 'paid', 8),
(2592, 25, '2024-10-18', 1200, 'cancelled', 8),
(2593, 25, '2024-10-18', 1200, 'cancelled', 8),
(2595, 23, '2024-10-05', 1050, 'paid', 7),
(2597, 25, '2024-10-23', 900, 'paid', 6),
(2598, 27, '2024-10-05', 1200, 'paid', 4),
(2603, 12, '2024-10-08', 1350, 'paid', 9),
(2613, 20, '2024-10-17', 1050, 'cancelled', 7),
(2617, 15, '2024-08-25', 200, 'paid', 1),
(2618, 20, '2024-09-03', 600, 'cancelled', 4),
(2620, 9, '2024-09-04', 500, 'paid', 5),
(2621, 9, '2024-09-04', 500, 'paid', 5),
(2622, 21, '2024-10-18', 1600, 'cancelled', 8),
(2629, 28, '2024-11-02', 900, 'paid', 3),
(2631, 25, '2024-10-27', 750, 'paid', 5),
(2632, 23, '2024-10-09', 150, 'cancelled', 1),
(2634, 16, '2024-11-16', 2400, 'paid', 8),
(2635, 16, '2024-11-16', 2400, 'paid', 8),
(2637, 19, '2024-11-12', 1500, 'paid', 10),
(2639, 2, '2024-08-25', 500, 'cancelled', 5),
(2640, 7, '2024-08-01', 2700, 'paid', 9),
(2641, 7, '2024-08-01', 2700, 'paid', 9),
(2642, 27, '2024-09-04', 2700, 'paid', 9),
(2644, 3, '2024-11-08', 750, 'cancelled', 5),
(2648, 10, '2024-10-24', 600, 'cancelled', 2),
(2654, 27, '2024-09-15', 1800, 'cancelled', 6),
(2657, 12, '2024-08-30', 450, 'cancelled', 3),
(2661, 3, '2024-10-08', 1500, 'paid', 10),
(2665, 15, '2024-11-16', 400, 'cancelled', 2),
(2668, 5, '2024-11-24', 500, 'paid', 5),
(2670, 17, '2024-09-02', 2100, 'paid', 7),
(2675, 6, '2024-09-21', 400, 'paid', 2),
(2683, 14, '2024-10-29', 2100, 'paid', 7),
(2684, 26, '2024-10-19', 300, 'paid', 1),
(2688, 12, '2024-09-21', 900, 'cancelled', 6),
(2689, 12, '2024-09-21', 900, 'cancelled', 6),
(2690, 17, '2024-08-28', 600, 'cancelled', 2),
(2691, 17, '2024-08-28', 600, 'cancelled', 2),
(2694, 15, '2024-08-27', 800, 'cancelled', 4),
(2699, 10, '2024-11-22', 600, 'cancelled', 2),
(2701, 6, '2024-10-16', 1600, 'cancelled', 8),
(2703, 25, '2024-08-20', 600, 'paid', 4),
(2704, 1, '2024-10-03', 600, 'cancelled', 6),
(2705, 1, '2024-10-03', 600, 'cancelled', 6),
(2707, 10, '2024-11-10', 900, 'cancelled', 3),
(2708, 20, '2024-09-28', 600, 'cancelled', 4),
(2716, 5, '2024-09-02', 800, 'cancelled', 8),
(2720, 30, '2024-08-10', 300, 'cancelled', 3),
(2726, 2, '2024-10-16', 100, 'cancelled', 1),
(2728, 8, '2024-08-04', 1500, 'paid', 5),
(2729, 8, '2024-08-04', 1500, 'paid', 5),
(2730, 20, '2024-08-08', 1050, 'paid', 7),
(2732, 14, '2024-10-12', 3000, 'cancelled', 10),
(2733, 14, '2024-10-12', 3000, 'cancelled', 10),
(2734, 9, '2024-10-20', 700, 'paid', 7),
(2735, 9, '2024-10-20', 700, 'paid', 7),
(2736, 20, '2024-09-17', 1200, 'cancelled', 8),
(2739, 13, '2024-08-01', 900, 'paid', 3),
(2741, 18, '2024-08-22', 750, 'paid', 5),
(2748, 5, '2024-11-13', 300, 'cancelled', 3),
(2751, 7, '2024-10-12', 2400, 'cancelled', 8),
(2755, 2, '2024-09-05', 300, 'paid', 3),
(2758, 23, '2024-10-13', 450, 'cancelled', 3),
(2760, 13, '2024-08-03', 900, 'paid', 3),
(2761, 13, '2024-08-03', 900, 'paid', 3),
(2762, 25, '2024-11-19', 1050, 'cancelled', 7),
(2763, 25, '2024-11-19', 1050, 'cancelled', 7),
(2766, 30, '2024-09-12', 300, 'cancelled', 3),
(2769, 5, '2024-11-08', 800, 'cancelled', 8),
(2770, 6, '2024-10-01', 1000, 'paid', 5),
(2771, 6, '2024-10-01', 1000, 'paid', 5),
(2772, 17, '2024-10-31', 1200, 'cancelled', 4),
(2778, 9, '2024-08-12', 200, 'paid', 2),
(2781, 17, '2024-09-05', 2700, 'cancelled', 9),
(2783, 20, '2024-08-09', 300, 'cancelled', 2),
(2788, 8, '2024-08-02', 2400, 'paid', 8),
(2789, 8, '2024-08-02', 2400, 'paid', 8),
(2790, 22, '2024-08-11', 900, 'paid', 9),
(2792, 9, '2024-09-23', 1000, 'cancelled', 10),
(2793, 9, '2024-09-23', 1000, 'cancelled', 10),
(2794, 19, '2024-08-21', 750, 'paid', 5),
(2795, 19, '2024-08-21', 750, 'paid', 5),
(2796, 17, '2024-11-27', 900, 'paid', 3),
(2797, 17, '2024-11-27', 900, 'paid', 3),
(2798, 23, '2024-11-14', 150, 'paid', 1),
(2801, 4, '2024-09-03', 1000, 'cancelled', 10),
(2802, 27, '2024-08-12', 1500, 'paid', 5),
(2805, 16, '2024-09-16', 600, 'cancelled', 2),
(2807, 3, '2024-10-03', 300, 'cancelled', 2),
(2809, 10, '2024-10-17', 2400, 'paid', 8),
(2811, 10, '2024-11-16', 900, 'cancelled', 3),
(2812, 28, '2024-09-28', 300, 'cancelled', 1),
(2816, 23, '2024-10-14', 750, 'paid', 5),
(2817, 23, '2024-10-14', 750, 'paid', 5),
(2821, 30, '2024-11-29', 700, 'cancelled', 7),
(2822, 13, '2024-10-10', 2100, 'paid', 7),
(2823, 13, '2024-10-10', 2100, 'paid', 7),
(2824, 27, '2024-10-23', 3000, 'cancelled', 10),
(2825, 27, '2024-10-23', 3000, 'cancelled', 10),
(2828, 16, '2024-09-19', 300, 'cancelled', 1),
(2834, 27, '2024-08-14', 2400, 'paid', 8),
(2839, 23, '2024-11-10', 450, 'cancelled', 3),
(2841, 24, '2024-09-22', 3000, 'paid', 10),
(2842, 2, '2024-09-24', 400, 'cancelled', 4),
(2843, 2, '2024-09-24', 400, 'cancelled', 4),
(2846, 12, '2024-11-07', 1350, 'cancelled', 9),
(2847, 12, '2024-11-07', 1350, 'cancelled', 9),
(2850, 20, '2024-08-10', 1350, 'paid', 9),
(2851, 20, '2024-08-10', 1350, 'paid', 9),
(2857, 28, '2024-08-03', 2100, 'cancelled', 7),
(2860, 7, '2024-09-05', 3000, 'paid', 10),
(2861, 7, '2024-09-05', 3000, 'paid', 10),
(2863, 19, '2024-08-01', 1500, 'paid', 10),
(2866, 1, '2024-10-23', 1000, 'paid', 10),
(2871, 10, '2024-08-16', 3000, 'cancelled', 10),
(2872, 18, '2024-08-10', 1200, 'cancelled', 8),
(2873, 18, '2024-08-10', 1200, 'cancelled', 8),
(2874, 17, '2024-11-23', 2400, 'cancelled', 8),
(2875, 17, '2024-11-23', 2400, 'cancelled', 8),
(2877, 16, '2024-11-03', 600, 'cancelled', 2),
(2878, 18, '2024-10-20', 300, 'paid', 2),
(2879, 18, '2024-10-20', 300, 'paid', 2),
(2882, 3, '2024-11-13', 450, 'paid', 3),
(2883, 3, '2024-11-13', 450, 'paid', 3),
(2885, 25, '2024-10-11', 300, 'paid', 2),
(2887, 16, '2024-10-24', 2100, 'paid', 7),
(2889, 14, '2024-08-19', 900, 'cancelled', 3),
(2891, 7, '2024-09-30', 2100, 'cancelled', 7),
(2893, 30, '2024-09-01', 900, 'cancelled', 9),
(2894, 20, '2024-10-07', 300, 'paid', 2),
(2896, 3, '2024-11-28', 150, 'paid', 1),
(2904, 21, '2024-08-22', 200, 'cancelled', 1),
(2906, 2, '2024-10-20', 600, 'cancelled', 6),
(2910, 15, '2024-08-08', 1600, 'cancelled', 8),
(2912, 12, '2024-10-22', 1500, 'cancelled', 10),
(2913, 12, '2024-10-22', 1500, 'cancelled', 10),
(2914, 20, '2024-09-25', 450, 'cancelled', 3),
(2919, 17, '2024-09-16', 3000, 'cancelled', 10),
(2920, 3, '2024-10-19', 750, 'paid', 5),
(2922, 17, '2024-10-21', 3000, 'cancelled', 10),
(2924, 20, '2024-09-09', 450, 'paid', 3),
(2925, 20, '2024-09-09', 450, 'paid', 3),
(2927, 4, '2024-08-11', 300, 'paid', 3),
(2929, 19, '2024-08-31', 900, 'cancelled', 6),
(2933, 27, '2024-09-01', 1200, 'cancelled', 4),
(2934, 19, '2024-11-16', 600, 'cancelled', 4),
(2935, 19, '2024-11-16', 600, 'cancelled', 4),
(2938, 6, '2024-11-25', 800, 'paid', 4),
(2940, 21, '2024-11-17', 200, 'cancelled', 1),
(2941, 21, '2024-11-17', 200, 'cancelled', 1),
(2942, 14, '2024-10-04', 2700, 'cancelled', 9),
(2944, 23, '2024-08-24', 450, 'paid', 3),
(2945, 23, '2024-08-24', 450, 'paid', 3),
(2946, 4, '2024-09-16', 800, 'paid', 8),
(2947, 4, '2024-09-16', 800, 'paid', 8),
(2949, 20, '2024-09-07', 300, 'cancelled', 2),
(2950, 10, '2024-09-21', 1800, 'cancelled', 6),
(2952, 7, '2024-11-03', 1500, 'cancelled', 5),
(2955, 27, '2024-09-16', 2100, 'paid', 7),
(2956, 1, '2024-10-12', 800, 'paid', 8),
(2958, 4, '2024-10-23', 300, 'paid', 3),
(2965, 10, '2024-10-22', 2400, 'cancelled', 8),
(2966, 19, '2024-09-25', 1500, 'paid', 10),
(2967, 19, '2024-09-25', 1500, 'paid', 10),
(2968, 20, '2024-09-26', 1050, 'cancelled', 7),
(2970, 11, '2024-11-20', 1000, 'cancelled', 5),
(2976, 4, '2024-11-10', 700, 'paid', 7),
(2977, 4, '2024-11-10', 700, 'paid', 7),
(2981, 9, '2024-11-04', 200, 'paid', 2),
(2983, 11, '2024-09-01', 200, 'cancelled', 1),
(2985, 24, '2024-11-14', 900, 'paid', 3),
(2986, 7, '2024-08-01', 1200, 'paid', 4),
(2987, 7, '2024-08-01', 1200, 'paid', 4),
(2988, 8, '2024-11-25', 2100, 'cancelled', 7),
(2989, 8, '2024-11-25', 2100, 'cancelled', 7),
(2992, 16, '2024-11-08', 1500, 'cancelled', 5),
(2995, 20, '2024-11-06', 1500, 'paid', 10),
(3005, 8, '2024-08-09', 3000, 'paid', 10),
(3007, 10, '2024-08-10', 1500, 'paid', 5),
(3011, 21, '2024-09-18', 1000, 'paid', 5),
(3013, 25, '2024-08-03', 150, 'cancelled', 1),
(3016, 8, '2024-08-30', 2400, 'paid', 8),
(3017, 8, '2024-08-30', 2400, 'paid', 8),
(3018, 11, '2024-10-25', 2000, 'paid', 10),
(3020, 23, '2024-11-18', 150, 'paid', 1),
(3024, 20, '2024-09-01', 300, 'paid', 2),
(3026, 13, '2024-10-06', 2100, 'paid', 7),
(3027, 13, '2024-10-06', 2100, 'paid', 7),
(3030, 10, '2024-10-01', 3000, 'cancelled', 10),
(3032, 11, '2024-09-14', 1600, 'paid', 8),
(3035, 23, '2024-11-08', 300, 'paid', 2),
(3039, 14, '2024-11-20', 3000, 'paid', 10),
(3040, 20, '2024-11-09', 1500, 'paid', 10),
(3042, 4, '2024-09-09', 900, 'cancelled', 9),
(3044, 17, '2024-08-13', 2400, 'cancelled', 8),
(3045, 17, '2024-08-13', 2400, 'cancelled', 8),
(3047, 12, '2024-09-04', 1200, 'paid', 8),
(3050, 11, '2024-11-22', 400, 'cancelled', 2),
(3051, 11, '2024-11-22', 400, 'cancelled', 2),
(3053, 16, '2024-11-17', 2400, 'cancelled', 8),
(3054, 12, '2024-10-17', 900, 'cancelled', 6),
(3055, 12, '2024-10-17', 900, 'cancelled', 6),
(3058, 26, '2024-08-02', 1500, 'cancelled', 5),
(3061, 12, '2024-11-28', 1050, 'paid', 7),
(3063, 30, '2024-08-25', 100, 'paid', 1),
(3064, 28, '2024-11-27', 600, 'paid', 2),
(3069, 22, '2024-10-10', 400, 'cancelled', 4),
(3071, 22, '2024-10-17', 1000, 'cancelled', 10),
(3072, 18, '2024-11-08', 450, 'cancelled', 3),
(3073, 18, '2024-11-08', 450, 'cancelled', 3),
(3078, 23, '2024-11-04', 1050, 'paid', 7),
(3079, 23, '2024-11-04', 1050, 'paid', 7),
(3081, 29, '2024-08-23', 100, 'cancelled', 1),
(3082, 11, '2024-11-10', 200, 'cancelled', 1),
(3083, 11, '2024-11-10', 200, 'cancelled', 1),
(3085, 23, '2024-11-28', 300, 'cancelled', 2),
(3089, 23, '2024-11-13', 1050, 'paid', 7),
(3095, 10, '2024-11-19', 600, 'paid', 2),
(3100, 1, '2024-08-13', 600, 'cancelled', 6),
(3102, 4, '2024-10-02', 500, 'cancelled', 5),
(3103, 4, '2024-10-02', 500, 'cancelled', 5),
(3105, 12, '2024-09-14', 1500, 'paid', 10),
(3107, 27, '2024-08-22', 2400, 'cancelled', 8),
(3108, 7, '2024-11-12', 3000, 'cancelled', 10),
(3111, 23, '2024-09-09', 150, 'paid', 1),
(3112, 10, '2024-08-23', 2700, 'paid', 9),
(3115, 3, '2024-09-17', 750, 'cancelled', 5),
(3116, 11, '2024-11-01', 1600, 'cancelled', 8),
(3117, 11, '2024-11-01', 1600, 'cancelled', 8),
(3118, 9, '2024-08-21', 900, 'paid', 9),
(3120, 19, '2024-10-25', 450, 'paid', 3),
(3121, 19, '2024-10-25', 450, 'paid', 3),
(3127, 5, '2024-09-23', 100, 'cancelled', 1),
(3128, 2, '2024-10-04', 500, 'paid', 5),
(3129, 2, '2024-10-04', 500, 'paid', 5),
(3132, 27, '2024-11-15', 2100, 'paid', 7),
(3133, 27, '2024-11-15', 2100, 'paid', 7),
(3134, 2, '2024-09-11', 100, 'paid', 1),
(3141, 11, '2024-08-20', 1600, 'paid', 8),
(3142, 26, '2024-09-10', 600, 'cancelled', 2),
(3143, 26, '2024-09-10', 600, 'cancelled', 2),
(3144, 9, '2024-10-26', 800, 'cancelled', 8),
(3145, 9, '2024-10-26', 800, 'cancelled', 8),
(3146, 2, '2024-09-08', 900, 'paid', 9),
(3147, 2, '2024-09-08', 900, 'paid', 9),
(3148, 13, '2024-10-25', 900, 'cancelled', 3),
(3149, 13, '2024-10-25', 900, 'cancelled', 3),
(3150, 11, '2024-10-17', 1600, 'cancelled', 8),
(3151, 11, '2024-10-17', 1600, 'cancelled', 8),
(3153, 15, '2024-11-10', 1000, 'cancelled', 5),
(3158, 21, '2024-11-21', 600, 'paid', 3),
(3160, 15, '2024-10-06', 1600, 'paid', 8),
(3163, 6, '2024-08-15', 1200, 'cancelled', 6),
(3164, 11, '2024-10-04', 1600, 'cancelled', 8),
(3167, 14, '2024-11-18', 3000, 'paid', 10),
(3170, 24, '2024-10-16', 600, 'paid', 2),
(3171, 24, '2024-10-16', 600, 'paid', 2),
(3174, 4, '2024-08-15', 800, 'cancelled', 8),
(3175, 4, '2024-08-15', 800, 'cancelled', 8),
(3176, 27, '2024-11-17', 2700, 'paid', 9),
(3178, 22, '2024-09-22', 800, 'cancelled', 8),
(3180, 26, '2024-10-07', 600, 'paid', 2),
(3181, 26, '2024-10-07', 600, 'paid', 2),
(3182, 7, '2024-09-16', 300, 'cancelled', 1),
(3183, 7, '2024-09-16', 300, 'cancelled', 1),
(3184, 12, '2024-10-27', 1050, 'cancelled', 7),
(3185, 12, '2024-10-27', 1050, 'cancelled', 7),
(3188, 10, '2024-10-04', 2400, 'cancelled', 8),
(3189, 10, '2024-10-04', 2400, 'cancelled', 8),
(3190, 22, '2024-09-15', 500, 'cancelled', 5),
(3193, 23, '2024-11-07', 600, 'paid', 4),
(3195, 10, '2024-08-24', 1500, 'paid', 5),
(3197, 4, '2024-09-06', 400, 'cancelled', 4),
(3198, 21, '2024-09-06', 1200, 'cancelled', 6),
(3199, 21, '2024-09-06', 1200, 'cancelled', 6),
(3204, 14, '2024-10-16', 2700, 'cancelled', 9),
(3207, 3, '2024-11-25', 450, 'cancelled', 3),
(3208, 20, '2024-11-02', 1050, 'paid', 7),
(3211, 23, '2024-08-04', 450, 'cancelled', 3),
(3212, 24, '2024-09-13', 2100, 'paid', 7),
(3214, 12, '2024-08-13', 1350, 'cancelled', 9),
(3215, 12, '2024-08-13', 1350, 'cancelled', 9),
(3219, 14, '2024-09-28', 2100, 'paid', 7),
(3220, 22, '2024-10-12', 700, 'cancelled', 7),
(3224, 20, '2024-08-26', 900, 'paid', 6),
(3227, 22, '2024-09-09', 800, 'cancelled', 8),
(3228, 11, '2024-11-07', 800, 'cancelled', 4),
(3233, 29, '2024-08-25', 200, 'cancelled', 2),
(3234, 17, '2024-11-11', 1200, 'paid', 4),
(3235, 17, '2024-11-11', 1200, 'paid', 4),
(3237, 20, '2024-09-17', 1050, 'paid', 7),
(3243, 11, '2024-08-25', 1800, 'cancelled', 9),
(3244, 2, '2024-09-15', 800, 'paid', 8),
(3249, 27, '2024-11-02', 2400, 'cancelled', 8),
(3250, 18, '2024-09-25', 150, 'cancelled', 1),
(3251, 18, '2024-09-25', 150, 'cancelled', 1),
(3256, 28, '2024-11-19', 2400, 'cancelled', 8),
(3257, 28, '2024-11-19', 2400, 'cancelled', 8),
(3262, 7, '2024-11-04', 3000, 'paid', 10),
(3265, 27, '2024-10-05', 1800, 'cancelled', 6),
(3266, 30, '2024-08-21', 700, 'paid', 7),
(3267, 30, '2024-08-21', 700, 'paid', 7),
(3269, 14, '2024-11-27', 2700, 'cancelled', 9),
(3272, 6, '2024-10-25', 1600, 'cancelled', 8),
(3275, 4, '2024-10-07', 500, 'paid', 5),
(3276, 30, '2024-11-23', 200, 'paid', 2),
(3279, 4, '2024-08-28', 500, 'paid', 5),
(3281, 28, '2024-10-14', 900, 'cancelled', 3),
(3285, 20, '2024-10-09', 1350, 'cancelled', 9),
(3286, 7, '2024-10-12', 2100, 'paid', 7),
(3289, 16, '2024-10-13', 3000, 'cancelled', 10),
(3291, 10, '2024-08-04', 2700, 'cancelled', 9),
(3293, 27, '2024-10-08', 2400, 'cancelled', 8),
(3297, 17, '2024-09-13', 1200, 'cancelled', 4),
(3298, 26, '2024-10-22', 2400, 'cancelled', 8),
(3299, 26, '2024-10-22', 2400, 'cancelled', 8),
(3301, 29, '2024-10-30', 700, 'paid', 7),
(3305, 21, '2024-09-22', 800, 'cancelled', 4),
(3308, 21, '2024-09-17', 2000, 'cancelled', 10),
(3309, 21, '2024-09-17', 2000, 'cancelled', 10),
(3312, 18, '2024-10-21', 1350, 'paid', 9),
(3313, 18, '2024-10-21', 1350, 'paid', 9),
(3320, 17, '2024-09-19', 600, 'cancelled', 2),
(3322, 30, '2024-09-28', 700, 'cancelled', 7),
(3323, 30, '2024-09-28', 700, 'cancelled', 7),
(3324, 7, '2024-09-10', 2100, 'paid', 7),
(3325, 7, '2024-09-10', 2100, 'paid', 7),
(3329, 2, '2024-11-05', 800, 'cancelled', 8),
(3330, 20, '2024-11-10', 1350, 'paid', 9),
(3331, 20, '2024-11-10', 1350, 'paid', 9),
(3334, 8, '2024-11-27', 3000, 'paid', 10),
(3336, 19, '2024-11-02', 1050, 'paid', 7),
(3337, 19, '2024-11-02', 1050, 'paid', 7),
(3338, 7, '2024-09-08', 2700, 'paid', 9),
(3340, 9, '2024-08-22', 900, 'cancelled', 9),
(3341, 9, '2024-08-22', 900, 'cancelled', 9),
(3344, 10, '2024-10-04', 1500, 'cancelled', 5),
(3345, 10, '2024-10-04', 1500, 'cancelled', 5),
(3346, 3, '2024-08-07', 900, 'paid', 6),
(3347, 3, '2024-08-07', 900, 'paid', 6),
(3348, 28, '2024-10-27', 1500, 'paid', 5),
(3351, 9, '2024-10-13', 100, 'cancelled', 1),
(3355, 4, '2024-08-11', 100, 'cancelled', 1),
(3356, 19, '2024-10-08', 1050, 'paid', 7),
(3358, 23, '2024-10-03', 300, 'paid', 2),
(3362, 3, '2024-09-16', 300, 'paid', 2),
(3364, 8, '2024-09-24', 300, 'paid', 1),
(3368, 25, '2024-08-13', 300, 'paid', 2),
(3369, 25, '2024-08-13', 300, 'paid', 2),
(3370, 9, '2024-11-20', 200, 'paid', 2),
(3374, 19, '2024-08-16', 1050, 'cancelled', 7),
(3375, 19, '2024-08-16', 1050, 'cancelled', 7),
(3377, 29, '2024-09-06', 200, 'cancelled', 2),
(3378, 10, '2024-11-01', 2700, 'cancelled', 9),
(3379, 10, '2024-11-01', 2700, 'cancelled', 9),
(3381, 22, '2024-10-10', 400, 'cancelled', 4),
(3383, 26, '2024-11-22', 2400, 'paid', 8),
(3385, 4, '2024-09-26', 900, 'cancelled', 9),
(3388, 8, '2024-09-17', 1200, 'cancelled', 4),
(3389, 8, '2024-09-17', 1200, 'cancelled', 4),
(3390, 16, '2024-08-20', 1200, 'paid', 4),
(3391, 16, '2024-08-20', 1200, 'paid', 4),
(3393, 8, '2024-10-13', 600, 'cancelled', 2),
(3394, 17, '2024-11-20', 1500, 'paid', 5),
(3395, 17, '2024-11-20', 1500, 'paid', 5),
(3396, 16, '2024-11-07', 600, 'cancelled', 2),
(3397, 16, '2024-11-07', 600, 'cancelled', 2),
(3399, 13, '2024-08-12', 2400, 'paid', 8),
(3401, 27, '2024-10-13', 2700, 'paid', 9),
(3411, 15, '2024-09-27', 200, 'cancelled', 1),
(3420, 30, '2024-09-11', 800, 'cancelled', 8),
(3423, 7, '2024-09-21', 300, 'cancelled', 1),
(3429, 19, '2024-10-03', 1050, 'cancelled', 7),
(3431, 22, '2024-09-24', 900, 'paid', 9),
(3432, 11, '2024-10-06', 600, 'paid', 3),
(3433, 11, '2024-10-06', 600, 'paid', 3),
(3437, 17, '2024-09-29', 300, 'paid', 1),
(3442, 17, '2024-09-20', 600, 'paid', 2),
(3445, 20, '2024-08-24', 1350, 'paid', 9),
(3447, 15, '2024-11-25', 200, 'cancelled', 1),
(3450, 2, '2024-08-02', 500, 'cancelled', 5),
(3451, 2, '2024-08-02', 500, 'cancelled', 5),
(3453, 20, '2024-10-12', 300, 'paid', 2),
(3454, 14, '2024-09-30', 2400, 'paid', 8),
(3460, 21, '2024-10-10', 1200, 'cancelled', 6),
(3461, 21, '2024-10-10', 1200, 'cancelled', 6),
(3465, 10, '2024-08-02', 1800, 'cancelled', 6),
(3468, 8, '2024-09-15', 300, 'cancelled', 1),
(3469, 8, '2024-09-15', 300, 'cancelled', 1),
(3470, 10, '2024-08-14', 900, 'cancelled', 3),
(3471, 10, '2024-08-14', 900, 'cancelled', 3),
(3473, 29, '2024-08-17', 100, 'cancelled', 1),
(3475, 17, '2024-11-14', 2400, 'cancelled', 8),
(3476, 15, '2024-10-02', 2000, 'cancelled', 10),
(3477, 15, '2024-10-02', 2000, 'cancelled', 10),
(3480, 4, '2024-09-11', 800, 'paid', 8),
(3482, 4, '2024-11-08', 600, 'cancelled', 6),
(3485, 14, '2024-09-09', 3000, 'paid', 10),
(3486, 22, '2024-09-09', 1000, 'cancelled', 10),
(3488, 14, '2024-11-01', 2700, 'paid', 9),
(3489, 14, '2024-11-01', 2700, 'paid', 9),
(3490, 9, '2024-09-04', 100, 'paid', 1),
(3491, 9, '2024-09-04', 100, 'paid', 1),
(3493, 27, '2024-08-01', 3000, 'paid', 10),
(3495, 18, '2024-09-15', 1350, 'cancelled', 9),
(3496, 24, '2024-08-16', 900, 'paid', 3),
(3498, 8, '2024-11-12', 1800, 'paid', 6),
(3499, 8, '2024-11-12', 1800, 'paid', 6),
(3502, 18, '2024-10-30', 750, 'paid', 5),
(3503, 18, '2024-10-30', 750, 'paid', 5),
(3504, 26, '2024-11-18', 3000, 'paid', 10),
(3505, 26, '2024-11-18', 3000, 'paid', 10),
(3506, 28, '2024-11-17', 2700, 'cancelled', 9),
(3507, 28, '2024-11-17', 2700, 'cancelled', 9),
(3508, 23, '2024-10-02', 750, 'cancelled', 5),
(3515, 10, '2024-10-06', 2100, 'cancelled', 7),
(3517, 17, '2024-08-27', 2100, 'cancelled', 7),
(3518, 4, '2024-09-22', 800, 'cancelled', 8),
(3519, 4, '2024-09-22', 800, 'cancelled', 8),
(3521, 27, '2024-09-23', 2400, 'cancelled', 8),
(3522, 1, '2024-08-02', 600, 'cancelled', 6),
(3529, 23, '2024-10-09', 150, 'cancelled', 1),
(3530, 17, '2024-08-10', 600, 'paid', 2),
(3531, 17, '2024-08-10', 600, 'paid', 2),
(3532, 23, '2024-08-03', 900, 'paid', 6),
(3541, 3, '2024-11-07', 1050, 'paid', 7),
(3544, 15, '2024-08-24', 600, 'cancelled', 3),
(3546, 11, '2024-09-24', 2000, 'cancelled', 10),
(3549, 9, '2024-09-05', 500, 'paid', 5),
(3553, 13, '2024-10-21', 900, 'cancelled', 3),
(3554, 26, '2024-08-13', 1200, 'paid', 4),
(3558, 10, '2024-11-07', 2100, 'paid', 7),
(3559, 10, '2024-11-07', 2100, 'paid', 7),
(3561, 15, '2024-08-31', 1400, 'cancelled', 7),
(3562, 6, '2024-11-26', 1400, 'paid', 7),
(3563, 6, '2024-11-26', 1400, 'paid', 7),
(3565, 13, '2024-09-09', 1500, 'cancelled', 5),
(3566, 20, '2024-10-25', 750, 'cancelled', 5),
(3567, 20, '2024-10-25', 750, 'cancelled', 5),
(3571, 10, '2024-11-04', 600, 'cancelled', 2),
(3576, 30, '2024-08-09', 500, 'paid', 5),
(3579, 12, '2024-10-19', 600, 'paid', 4),
(3581, 30, '2024-11-21', 1000, 'paid', 10),
(3584, 13, '2024-11-22', 2400, 'cancelled', 8),
(3588, 8, '2024-10-11', 1800, 'paid', 6),
(3589, 8, '2024-10-11', 1800, 'paid', 6),
(3590, 26, '2024-08-24', 1200, 'paid', 4),
(3591, 26, '2024-08-24', 1200, 'paid', 4),
(3592, 9, '2024-08-31', 500, 'paid', 5),
(3596, 3, '2024-11-11', 600, 'cancelled', 4),
(3599, 5, '2024-10-13', 300, 'paid', 3),
(3600, 26, '2024-10-28', 900, 'paid', 3),
(3603, 3, '2024-11-12', 1500, 'paid', 10),
(3606, 13, '2024-10-02', 1500, 'cancelled', 5),
(3607, 13, '2024-10-02', 1500, 'cancelled', 5),
(3609, 20, '2024-11-01', 1350, 'cancelled', 9),
(3611, 3, '2024-10-18', 600, 'cancelled', 4),
(3613, 29, '2024-11-28', 900, 'cancelled', 9),
(3617, 24, '2024-08-17', 2400, 'paid', 8),
(3619, 5, '2024-11-25', 200, 'cancelled', 2),
(3622, 13, '2024-09-24', 900, 'cancelled', 3),
(3625, 20, '2024-09-11', 1500, 'cancelled', 10),
(3627, 8, '2024-08-04', 300, 'cancelled', 1),
(3629, 21, '2024-10-07', 200, 'paid', 1),
(3631, 27, '2024-09-14', 300, 'cancelled', 1),
(3633, 29, '2024-10-25', 700, 'paid', 7),
(3635, 29, '2024-10-21', 300, 'paid', 3),
(3646, 28, '2024-08-11', 1500, 'paid', 5),
(3651, 26, '2024-08-05', 2400, 'cancelled', 8),
(3652, 9, '2024-10-31', 600, 'paid', 6),
(3653, 9, '2024-10-31', 600, 'paid', 6),
(3654, 17, '2024-09-22', 600, 'paid', 2),
(3656, 21, '2024-10-16', 800, 'cancelled', 4),
(3661, 21, '2024-08-03', 1400, 'cancelled', 7),
(3667, 24, '2024-10-07', 2100, 'paid', 7),
(3670, 17, '2024-11-25', 2100, 'cancelled', 7),
(3672, 2, '2024-08-06', 200, 'cancelled', 2),
(3673, 2, '2024-08-06', 200, 'cancelled', 2),
(3676, 11, '2024-08-14', 1800, 'cancelled', 9),
(3679, 1, '2024-09-25', 700, 'paid', 7),
(3680, 20, '2024-11-22', 1350, 'paid', 9),
(3682, 20, '2024-08-17', 1500, 'cancelled', 10),
(3686, 5, '2024-10-27', 600, 'cancelled', 6),
(3689, 11, '2024-11-06', 200, 'cancelled', 1),
(3690, 17, '2024-09-08', 2400, 'paid', 8),
(3691, 17, '2024-09-08', 2400, 'paid', 8),
(3693, 24, '2024-10-14', 2400, 'cancelled', 8),
(3694, 13, '2024-11-18', 300, 'paid', 1),
(3697, 22, '2024-10-18', 300, 'cancelled', 3),
(3706, 12, '2024-08-24', 450, 'cancelled', 3),
(3707, 12, '2024-08-24', 450, 'cancelled', 3),
(3708, 24, '2024-09-13', 2700, 'paid', 9),
(3710, 14, '2024-09-24', 1200, 'cancelled', 4),
(3711, 14, '2024-09-24', 1200, 'cancelled', 4),
(3714, 29, '2024-10-14', 100, 'paid', 1),
(3715, 29, '2024-10-14', 100, 'paid', 1),
(3717, 5, '2024-08-13', 1000, 'paid', 10),
(3718, 24, '2024-08-25', 300, 'cancelled', 1),
(3719, 24, '2024-08-25', 300, 'cancelled', 1),
(3722, 25, '2024-11-17', 600, 'paid', 4),
(3723, 25, '2024-11-17', 600, 'paid', 4),
(3728, 14, '2024-09-30', 1500, 'paid', 5),
(3734, 2, '2024-08-22', 700, 'cancelled', 7),
(3735, 2, '2024-08-22', 700, 'cancelled', 7),
(3737, 14, '2024-09-04', 1200, 'paid', 4),
(3739, 9, '2024-11-21', 100, 'paid', 1),
(3740, 22, '2024-09-07', 1000, 'cancelled', 10),
(3741, 22, '2024-09-07', 1000, 'cancelled', 10),
(3742, 3, '2024-11-20', 750, 'paid', 5),
(3746, 26, '2024-10-08', 2100, 'cancelled', 7),
(3747, 26, '2024-10-08', 2100, 'cancelled', 7),
(3749, 22, '2024-10-09', 500, 'paid', 5),
(3750, 9, '2024-10-06', 300, 'cancelled', 3),
(3752, 5, '2024-09-12', 200, 'cancelled', 2),
(3755, 19, '2024-10-31', 450, 'cancelled', 3),
(3756, 12, '2024-09-27', 1500, 'cancelled', 10),
(3757, 12, '2024-09-27', 1500, 'cancelled', 10),
(3759, 21, '2024-09-04', 1000, 'paid', 5),
(3760, 4, '2024-08-07', 500, 'paid', 5),
(3761, 4, '2024-08-07', 500, 'paid', 5),
(3767, 22, '2024-08-30', 800, 'cancelled', 8),
(3771, 14, '2024-11-03', 1800, 'paid', 6),
(3772, 25, '2024-08-07', 1050, 'paid', 7),
(3773, 25, '2024-08-07', 1050, 'paid', 7),
(3774, 6, '2024-09-28', 1200, 'cancelled', 6),
(3775, 6, '2024-09-28', 1200, 'cancelled', 6),
(3776, 27, '2024-11-25', 3000, 'paid', 10),
(3777, 27, '2024-11-25', 3000, 'paid', 10),
(3780, 17, '2024-08-15', 2100, 'paid', 7),
(3782, 13, '2024-09-30', 600, 'paid', 2),
(3783, 13, '2024-09-30', 600, 'paid', 2),
(3786, 24, '2024-11-13', 1200, 'cancelled', 4),
(3788, 5, '2024-08-26', 100, 'paid', 1),
(3789, 5, '2024-08-26', 100, 'paid', 1),
(3790, 16, '2024-09-30', 2100, 'paid', 7),
(3791, 16, '2024-09-30', 2100, 'paid', 7),
(3793, 8, '2024-10-22', 600, 'cancelled', 2),
(3800, 15, '2024-09-29', 800, 'cancelled', 4),
(3802, 25, '2024-11-17', 600, 'paid', 4),
(3807, 3, '2024-10-14', 150, 'cancelled', 1),
(3808, 1, '2024-08-03', 500, 'paid', 5),
(3810, 1, '2024-08-20', 900, 'paid', 9),
(3812, 18, '2024-08-23', 1200, 'paid', 8),
(3813, 18, '2024-08-23', 1200, 'paid', 8),
(3814, 9, '2024-08-29', 600, 'cancelled', 6),
(3818, 19, '2024-10-21', 900, 'paid', 6),
(3820, 13, '2024-09-02', 2100, 'paid', 7),
(3821, 13, '2024-09-02', 2100, 'paid', 7),
(3822, 13, '2024-10-25', 1500, 'cancelled', 5),
(3828, 27, '2024-09-04', 300, 'cancelled', 1),
(3829, 27, '2024-09-04', 300, 'cancelled', 1),
(3830, 30, '2024-11-12', 300, 'cancelled', 3),
(3832, 13, '2024-11-18', 1200, 'cancelled', 4),
(3833, 13, '2024-11-18', 1200, 'cancelled', 4),
(3835, 6, '2024-09-29', 1400, 'cancelled', 7),
(3836, 27, '2024-11-14', 600, 'paid', 2),
(3838, 30, '2024-08-24', 600, 'paid', 6),
(3846, 21, '2024-10-15', 200, 'paid', 1),
(3849, 25, '2024-09-27', 1500, 'paid', 10),
(3853, 20, '2024-08-25', 600, 'cancelled', 4),
(3854, 22, '2024-10-25', 1000, 'cancelled', 10),
(3855, 22, '2024-10-25', 1000, 'cancelled', 10),
(3856, 17, '2024-08-22', 600, 'paid', 2),
(3858, 22, '2024-08-21', 1000, 'cancelled', 10),
(3859, 22, '2024-08-21', 1000, 'cancelled', 10),
(3865, 12, '2024-11-26', 300, 'paid', 2),
(3872, 10, '2024-09-22', 2400, 'paid', 8),
(3873, 10, '2024-09-22', 2400, 'paid', 8),
(3874, 17, '2024-08-03', 1200, 'paid', 4),
(3876, 8, '2024-08-03', 3000, 'paid', 10),
(3877, 8, '2024-08-03', 3000, 'paid', 10),
(3878, 10, '2024-11-23', 300, 'paid', 1),
(3880, 5, '2024-11-20', 600, 'cancelled', 6),
(3882, 1, '2024-09-05', 300, 'cancelled', 3),
(3892, 17, '2024-09-13', 1200, 'paid', 4),
(3894, 12, '2024-09-24', 750, 'cancelled', 5),
(3897, 14, '2024-09-05', 600, 'paid', 2),
(3900, 29, '2024-11-15', 600, 'paid', 6),
(3901, 29, '2024-11-15', 600, 'paid', 6),
(3903, 4, '2024-10-14', 1000, 'cancelled', 10),
(3904, 14, '2024-08-18', 3000, 'paid', 10),
(3905, 14, '2024-08-18', 3000, 'paid', 10),
(3909, 18, '2024-09-21', 1200, 'cancelled', 8),
(3912, 11, '2024-10-16', 600, 'cancelled', 3),
(3914, 12, '2024-09-23', 900, 'paid', 6),
(3915, 12, '2024-09-23', 900, 'paid', 6),
(3916, 21, '2024-09-16', 1200, 'cancelled', 6),
(3917, 21, '2024-09-16', 1200, 'cancelled', 6),
(3918, 24, '2024-08-18', 1200, 'cancelled', 4),
(3919, 24, '2024-08-18', 1200, 'cancelled', 4),
(3920, 23, '2024-11-08', 1500, 'cancelled', 10),
(3929, 8, '2024-08-19', 1200, 'paid', 4),
(3930, 27, '2024-08-22', 300, 'cancelled', 1),
(3933, 5, '2024-11-08', 900, 'paid', 9),
(3934, 5, '2024-09-05', 300, 'cancelled', 3),
(3936, 10, '2024-08-29', 1800, 'paid', 6),
(3937, 10, '2024-08-29', 1800, 'paid', 6),
(3938, 9, '2024-11-17', 200, 'paid', 2),
(3940, 17, '2024-09-17', 1200, 'paid', 4),
(3941, 17, '2024-09-17', 1200, 'paid', 4),
(3943, 11, '2024-11-26', 1400, 'paid', 7),
(3944, 2, '2024-11-18', 1000, 'cancelled', 10),
(3948, 29, '2024-10-25', 500, 'cancelled', 5),
(3949, 29, '2024-10-25', 500, 'cancelled', 5),
(3951, 22, '2024-11-29', 900, 'paid', 9),
(3953, 13, '2024-08-16', 2400, 'paid', 8),
(3955, 12, '2024-10-01', 1350, 'paid', 9),
(3959, 9, '2024-10-12', 700, 'paid', 7),
(3962, 24, '2024-09-16', 2100, 'cancelled', 7),
(3963, 24, '2024-09-16', 2100, 'cancelled', 7),
(3967, 19, '2024-11-28', 1500, 'paid', 10),
(3968, 9, '2024-09-20', 100, 'cancelled', 1),
(3971, 5, '2024-10-05', 600, 'paid', 6),
(3972, 23, '2024-10-23', 900, 'cancelled', 6),
(3974, 23, '2024-08-25', 450, 'cancelled', 3),
(3976, 5, '2024-09-21', 300, 'paid', 3),
(3978, 17, '2024-11-18', 600, 'cancelled', 2),
(3979, 17, '2024-11-18', 600, 'cancelled', 2),
(3981, 27, '2024-09-22', 600, 'paid', 2),
(3984, 16, '2024-09-25', 1200, 'paid', 4),
(3985, 16, '2024-09-25', 1200, 'paid', 4),
(3986, 25, '2024-11-19', 300, 'paid', 2),
(3990, 30, '2024-11-13', 300, 'paid', 3),
(3993, 1, '2024-11-14', 600, 'cancelled', 6),
(3996, 19, '2024-08-20', 900, 'paid', 6),
(3998, 27, '2024-10-13', 2700, 'paid', 9),
(4008, 8, '2024-10-22', 2100, 'cancelled', 7),
(4009, 8, '2024-10-22', 2100, 'cancelled', 7),
(4010, 21, '2024-09-26', 1400, 'cancelled', 7),
(4011, 21, '2024-09-26', 1400, 'cancelled', 7),
(4012, 8, '2024-10-14', 600, 'cancelled', 2),
(4014, 24, '2024-09-04', 1500, 'cancelled', 5),
(4017, 27, '2024-09-08', 300, 'paid', 1),
(4019, 10, '2024-08-21', 2700, 'paid', 9),
(4022, 16, '2024-10-13', 2700, 'paid', 9),
(4024, 11, '2024-08-24', 1200, 'paid', 6),
(4025, 11, '2024-08-24', 1200, 'paid', 6),
(4026, 15, '2024-10-28', 200, 'paid', 1),
(4027, 15, '2024-10-28', 200, 'paid', 1),
(4029, 15, '2024-09-13', 1200, 'paid', 6),
(4033, 5, '2024-10-08', 300, 'paid', 3),
(4034, 5, '2024-11-05', 700, 'cancelled', 7),
(4039, 14, '2024-10-28', 300, 'paid', 1),
(4040, 6, '2024-11-07', 1200, 'paid', 6),
(4041, 6, '2024-11-07', 1200, 'paid', 6),
(4044, 13, '2024-08-28', 1500, 'paid', 5),
(4053, 11, '2024-08-26', 400, 'cancelled', 2),
(4056, 18, '2024-12-01', 450, 'booked', 3);

-- --------------------------------------------------------

--
-- Table structure for table `Booking_Customer`
--

CREATE TABLE `Booking_Customer` (
  `Booking_Id` int NOT NULL,
  `Customer_Id` int NOT NULL
) ENGINE=InnoDB DEFAULT CHARSET=utf8mb4 COLLATE=utf8mb4_unicode_ci;

--
-- Dumping data for table `Booking_Customer`
--

INSERT INTO `Booking_Customer` (`Booking_Id`, `Customer_Id`) VALUES
(2783, 135),
(3740, 137),
(3517, 138),
(2354, 139),
(2458, 139),
(2230, 140),
(2333, 146),
(2464, 146),
(2170, 147),
(3559, 147),
(2705, 148),
(3901, 148),
(2533, 151),
(3158, 151),
(3878, 151),
(3846, 152),
(4008, 152),
(2283, 153),
(2388, 153),
(2817, 153),
(3305, 153),
(3750, 154),
(3495, 156),
(2427, 157),
(3859, 157),
(2452, 158),
(2154, 159),
(2588, 160),
(3298, 160),
(3195, 161),
(2617, 162),
(3734, 162),
(3011, 163),
(2675, 164),
(3740, 164),
(3853, 166),
(2415, 167),
(3789, 167),
(2920, 168),
(3045, 168),
(3279, 168),
(3393, 168),
(3920, 168),
(3515, 169),
(2333, 170),
(2894, 170),
(2933, 170),
(3394, 170),
(3476, 170),
(2409, 171),
(2883, 172),
(3030, 174),
(2221, 177),
(2762, 177),
(3071, 177),
(3541, 177),
(2198, 182),
(2428, 182),
(4019, 183),
(3267, 185),
(3346, 185),
(4034, 185),
(2661, 186),
(3379, 186),
(2707, 187),
(2872, 187),
(3055, 187),
(3356, 188),
(3600, 188),
(3672, 188),
(2229, 191),
(2621, 192),
(2904, 193),
(2309, 194),
(2204, 197),
(3567, 197),
(2944, 200),
(2790, 202),
(2846, 202),
(2070, 204),
(2802, 206),
(3301, 206),
(3147, 207),
(3351, 207),
(3377, 207),
(3401, 207),
(2198, 208),
(3561, 208),
(3142, 209),
(3756, 209),
(2386, 210),
(2570, 210),
(3694, 211),
(3312, 213),
(3355, 213),
(2400, 214),
(3338, 214),
(3345, 214),
(3836, 214),
(3914, 214),
(2130, 216),
(2178, 216),
(2365, 216),
(3562, 216),
(2303, 217),
(3069, 217),
(2137, 218),
(2675, 218),
(3381, 220),
(2739, 221),
(2929, 221),
(2282, 222),
(2863, 222),
(2291, 224),
(2952, 224),
(3447, 224),
(3746, 224),
(3780, 224),
(2509, 225),
(2529, 225),
(2823, 225),
(3858, 226),
(2510, 227),
(3219, 228),
(3874, 229),
(2683, 230),
(2100, 231),
(3757, 232),
(3998, 232),
(2648, 233),
(3498, 235),
(2273, 237),
(3351, 238),
(3411, 239),
(2613, 240),
(3102, 240),
(4014, 241),
(2566, 242),
(2134, 244),
(2362, 244),
(3027, 245),
(3181, 245),
(3783, 246),
(3915, 250),
(2315, 251),
(3188, 251),
(2935, 252),
(4027, 252),
(2579, 253),
(2741, 253),
(2507, 254),
(3035, 256),
(3129, 258),
(3388, 258),
(2344, 259),
(2203, 260),
(3026, 260),
(3120, 260),
(2877, 261),
(2126, 262),
(2148, 263),
(2483, 263),
(2595, 264),
(2583, 265),
(3071, 267),
(3107, 267),
(2107, 269),
(3148, 269),
(2108, 270),
(3364, 271),
(3609, 271),
(2094, 272),
(3272, 272),
(3532, 272),
(2933, 273),
(3197, 273),
(3565, 273),
(2144, 274),
(3150, 274),
(2940, 275),
(2798, 276),
(3323, 276),
(4044, 276),
(2405, 277),
(2977, 278),
(2092, 280),
(3370, 280),
(3058, 282),
(3180, 283),
(3571, 283),
(3389, 284),
(2129, 285),
(2467, 285),
(2965, 285),
(3775, 287),
(2179, 288),
(2533, 288),
(2632, 288),
(3468, 288),
(2121, 290),
(2429, 290),
(2914, 291),
(2437, 293),
(2925, 293),
(4022, 294),
(2542, 299),
(2857, 299),
(3521, 299),
(2087, 302),
(2187, 302),
(3199, 302),
(4040, 302),
(3437, 303),
(3711, 303),
(2933, 304),
(2576, 305),
(2761, 305),
(2688, 306),
(3581, 306),
(2371, 307),
(2841, 307),
(2337, 309),
(3389, 310),
(2842, 312),
(3007, 315),
(3968, 315),
(3722, 317),
(2195, 318),
(3775, 318),
(2565, 322),
(3197, 322),
(2497, 323),
(2950, 323),
(3285, 323),
(2282, 324),
(2873, 324),
(2946, 324),
(2238, 325),
(2260, 325),
(3044, 325),
(3117, 325),
(3262, 326),
(3741, 326),
(4029, 326),
(3693, 328),
(2555, 329),
(3227, 329),
(2098, 330),
(3480, 332),
(3718, 332),
(3963, 332),
(3971, 332),
(2063, 333),
(3607, 333),
(2066, 334),
(2104, 334),
(2376, 334),
(3553, 334),
(2201, 335),
(2395, 335),
(3308, 335),
(2575, 336),
(3163, 336),
(3193, 337),
(3549, 337),
(2353, 339),
(2860, 340),
(2472, 341),
(3611, 341),
(3773, 341),
(3146, 342),
(3981, 343),
(2557, 344),
(3175, 344),
(3505, 344),
(3051, 345),
(2457, 348),
(2141, 349),
(2251, 349),
(2434, 349),
(3293, 349),
(2262, 351),
(2581, 351),
(2126, 352),
(2871, 352),
(2967, 352),
(2471, 353),
(2828, 353),
(3160, 355),
(3918, 355),
(3772, 358),
(2245, 361),
(2617, 361),
(3127, 362),
(4029, 362),
(3774, 363),
(3829, 363),
(2420, 366),
(3320, 366),
(2565, 367),
(2585, 367),
(3313, 367),
(3938, 368),
(2273, 371),
(3498, 371),
(3530, 371),
(2066, 372),
(3986, 372),
(2420, 376),
(2474, 376),
(2272, 378),
(2367, 378),
(2562, 378),
(2882, 378),
(2328, 379),
(3167, 379),
(2263, 380),
(3243, 380),
(3473, 380),
(2362, 382),
(2314, 383),
(2955, 383),
(3089, 383),
(3116, 383),
(3800, 383),
(3490, 385),
(2735, 386),
(3475, 386),
(2434, 388),
(3297, 388),
(3391, 388),
(2191, 391),
(2789, 391),
(3312, 392),
(2668, 393),
(2952, 393),
(3171, 394),
(3607, 395),
(3656, 396),
(2772, 397),
(3818, 398),
(2254, 399),
(2482, 400),
(2641, 403),
(2942, 403),
(3324, 404),
(2575, 405),
(3383, 405),
(3502, 405),
(3786, 405),
(2523, 406),
(2841, 406),
(2313, 407),
(3369, 407),
(2592, 411),
(2688, 414),
(3134, 414),
(3182, 414),
(4009, 414),
(2192, 416),
(3228, 416),
(3331, 416),
(3708, 416),
(2559, 422),
(3633, 422),
(2302, 423),
(3856, 423),
(2631, 424),
(2872, 425),
(2635, 426),
(3167, 426),
(3873, 426),
(2092, 427),
(2946, 427),
(3329, 429),
(2394, 430),
(2825, 430),
(2361, 431),
(2407, 431),
(3491, 431),
(2922, 432),
(3489, 434),
(3054, 437),
(2985, 438),
(3742, 438),
(4041, 438),
(3228, 441),
(3032, 442),
(2701, 443),
(3855, 443),
(2622, 444),
(3388, 444),
(3175, 445),
(2919, 446),
(2834, 447),
(2896, 448),
(2988, 448),
(3013, 448),
(3164, 448),
(2234, 449),
(2783, 449),
(3755, 449),
(3635, 450),
(2220, 451),
(3178, 451),
(3324, 451),
(3072, 452),
(3143, 453),
(3305, 453),
(3423, 453),
(2824, 455),
(3336, 455),
(3771, 455),
(2942, 456),
(3629, 456),
(3613, 457),
(3055, 459),
(3546, 460),
(2268, 461),
(2992, 461),
(3250, 462),
(2938, 463),
(3211, 465),
(3499, 466),
(2525, 467),
(3790, 468),
(2068, 469),
(2699, 469),
(2805, 469),
(3133, 470),
(3451, 470),
(2442, 471),
(2825, 471),
(3706, 471),
(2110, 472),
(3432, 473),
(3793, 474),
(2823, 475),
(2239, 476),
(3208, 476),
(3358, 477),
(3773, 479),
(2208, 480),
(4025, 480),
(2796, 484),
(3275, 484),
(2904, 485),
(2940, 487),
(3707, 488),
(2597, 490),
(3244, 490),
(3760, 493),
(3244, 494),
(3460, 494),
(3234, 495),
(3776, 495),
(3916, 495),
(2364, 496),
(2834, 496),
(3496, 498),
(2644, 500),
(2665, 500),
(2734, 500),
(3522, 501),
(3694, 501),
(4044, 501),
(3531, 503),
(3488, 504),
(2981, 505),
(2934, 506),
(3566, 506),
(2312, 507),
(2111, 512),
(2291, 513),
(2906, 513),
(2919, 513),
(3262, 515),
(3873, 515),
(2224, 516),
(3016, 518),
(3518, 518),
(3149, 520),
(4012, 520),
(3917, 521),
(2273, 522),
(2874, 522),
(2807, 524),
(2148, 525),
(2822, 525),
(3546, 526),
(2059, 528),
(3055, 529),
(3078, 530),
(3596, 530),
(2716, 531),
(2423, 533),
(2736, 533),
(2347, 534),
(2186, 535),
(2920, 535),
(3243, 535),
(3934, 535),
(2128, 536),
(2935, 537),
(2956, 538),
(3974, 538),
(2766, 539),
(3880, 539),
(3900, 540),
(3661, 541),
(3810, 541),
(3256, 542),
(3984, 542),
(3017, 543),
(3040, 544),
(2077, 545),
(3959, 545),
(2119, 546),
(3297, 546),
(3471, 546),
(3813, 548),
(2590, 549),
(2215, 550),
(2377, 550),
(3631, 550),
(2654, 552),
(2816, 552),
(2912, 552),
(2330, 553),
(2273, 554),
(2689, 554),
(3495, 555),
(3876, 557),
(3105, 558),
(3761, 559),
(2318, 560),
(3375, 562),
(3083, 563),
(3082, 564),
(3673, 564),
(2807, 565),
(2942, 566),
(3485, 567),
(2887, 568),
(3460, 568),
(4025, 568),
(2670, 569),
(2934, 569),
(3629, 570),
(2368, 571),
(2379, 572),
(3397, 572),
(3892, 572),
(2910, 573),
(2968, 573),
(3777, 573),
(2532, 574),
(3388, 574),
(3909, 574),
(2272, 575),
(2169, 577),
(2192, 577),
(3589, 578),
(2451, 579),
(2598, 579),
(3739, 579),
(3782, 579),
(2371, 581),
(3714, 581),
(2136, 583),
(3042, 583),
(3894, 583),
(2850, 584),
(2123, 585),
(2395, 585),
(3905, 586),
(3905, 587),
(2145, 588),
(3849, 588),
(2657, 589),
(3064, 589),
(3622, 589),
(3262, 590),
(3396, 590),
(4027, 590),
(2879, 591),
(3377, 591),
(3344, 592),
(3955, 593),
(3170, 595),
(3972, 596),
(3849, 600),
(3461, 601),
(4008, 601),
(3445, 602),
(3990, 604),
(2947, 605),
(3882, 605),
(2448, 606),
(2539, 608),
(2084, 609),
(3174, 609),
(3465, 609),
(3507, 611),
(3838, 611),
(3918, 611),
(3529, 612),
(2495, 613),
(3442, 613),
(2520, 614),
(3249, 617),
(3993, 618),
(3176, 621),
(3508, 621),
(2885, 622),
(3089, 623),
(3337, 624),
(3499, 624),
(3967, 624),
(2708, 625),
(3269, 625),
(3676, 625),
(2847, 626),
(2150, 627),
(3007, 630),
(3047, 630),
(2924, 634),
(2078, 635),
(2091, 635),
(3132, 635),
(3717, 635),
(2622, 636),
(3962, 637),
(2409, 640),
(2983, 640),
(2377, 641),
(3470, 642),
(2390, 644),
(2613, 644),
(3053, 644),
(3117, 644),
(3378, 645),
(2066, 646),
(3728, 646),
(4024, 647),
(2809, 648),
(3040, 649),
(3348, 649),
(3646, 649),
(3714, 649),
(3828, 649),
(2093, 650),
(2323, 650),
(2792, 653),
(3488, 654),
(2305, 655),
(3609, 655),
(3079, 659),
(2120, 660),
(2346, 660),
(2357, 660),
(2793, 660),
(2822, 660),
(3190, 660),
(3276, 662),
(3184, 663),
(2770, 664),
(2562, 665),
(2159, 667),
(3507, 667),
(2224, 668),
(2339, 669),
(2788, 669),
(3558, 669),
(2454, 670),
(3454, 670),
(2464, 672),
(2563, 673),
(2958, 673),
(2760, 674),
(3299, 678),
(2309, 679),
(3330, 680),
(2639, 683),
(2736, 683),
(2362, 684),
(2593, 684),
(2414, 685),
(2392, 686),
(3940, 687),
(2089, 688),
(3100, 689),
(2497, 691),
(2730, 691),
(3142, 691),
(3340, 691),
(3491, 692),
(3653, 692),
(2205, 693),
(2648, 693),
(2407, 694),
(3018, 694),
(2970, 697),
(2924, 698),
(2193, 702),
(2242, 705),
(2111, 706),
(3912, 706),
(2347, 707),
(3978, 708),
(3144, 710),
(3682, 710),
(2244, 711),
(3233, 712),
(2382, 716),
(3047, 716),
(3265, 716),
(4025, 716),
(2891, 717),
(3617, 717),
(2694, 718),
(3897, 718),
(2325, 719),
(2987, 720),
(3447, 720),
(3453, 722),
(3215, 723),
(3355, 723),
(3691, 723),
(3429, 724),
(3914, 724),
(3903, 725),
(2201, 726),
(3714, 728),
(2497, 729),
(3207, 729),
(3789, 729),
(3480, 730),
(2218, 731),
(2734, 732),
(3063, 732),
(3128, 733),
(2720, 734),
(3199, 734),
(2405, 735),
(2089, 737),
(3929, 737),
(3197, 739),
(4017, 739),
(3151, 741),
(3680, 741),
(3783, 741),
(2811, 744),
(3341, 744),
(2728, 746),
(3833, 746),
(3115, 747),
(3711, 747),
(3835, 747),
(3691, 748),
(2110, 749),
(2521, 749),
(2422, 750),
(2758, 750),
(3147, 751),
(3571, 751),
(3504, 752),
(2078, 754),
(2613, 754),
(3832, 754),
(2564, 755),
(2795, 755),
(3603, 756),
(3859, 757),
(2995, 760),
(2245, 761),
(2401, 761),
(2506, 761),
(3865, 761),
(2251, 762),
(3089, 762),
(2154, 763),
(2977, 763),
(2359, 766),
(2704, 766),
(2290, 767),
(3833, 767),
(3592, 769),
(3802, 770),
(2498, 773),
(2083, 774),
(3937, 774),
(3039, 775),
(3351, 775),
(3450, 775),
(3846, 778),
(2358, 782),
(2464, 782),
(4039, 782),
(3627, 783),
(2778, 784),
(3368, 784),
(2913, 785),
(3812, 786),
(2288, 787),
(2397, 787),
(2276, 788),
(3061, 788),
(3100, 788),
(3949, 788),
(2893, 790),
(2139, 792),
(2209, 792),
(2955, 792),
(2295, 793),
(3832, 793),
(3633, 794),
(3275, 795),
(3715, 797),
(2690, 798),
(2771, 798),
(2588, 800),
(3105, 800),
(3821, 801),
(2582, 803),
(3325, 803),
(3493, 804),
(2439, 805),
(3679, 805),
(2324, 806),
(2382, 806),
(2353, 807),
(3411, 809),
(2230, 810),
(2390, 811),
(3183, 811),
(3941, 811),
(3431, 812),
(3111, 813),
(2178, 815),
(3344, 816),
(3919, 816),
(2147, 818),
(3401, 818),
(2488, 819),
(3108, 820),
(3370, 820),
(3996, 821),
(2380, 822),
(3433, 822),
(3477, 822),
(3838, 822),
(2732, 823),
(2846, 823),
(2631, 824),
(3596, 825),
(3118, 827),
(3503, 828),
(3145, 829),
(3286, 829),
(3953, 829),
(2107, 830),
(2131, 830),
(2729, 831),
(2946, 832),
(3506, 833),
(2080, 834),
(3362, 834),
(2733, 835),
(3024, 835),
(2062, 836),
(3153, 836),
(2889, 838),
(2406, 839),
(2949, 839),
(3081, 839),
(3565, 839),
(3854, 839),
(3235, 840),
(3257, 840),
(3334, 841),
(3786, 845),
(3872, 845),
(3773, 846),
(3606, 847),
(3822, 848),
(3661, 850),
(3735, 850),
(3050, 851),
(2574, 853),
(2637, 853),
(2927, 853),
(3212, 853),
(3791, 854),
(3482, 856),
(2138, 857),
(3020, 858),
(2089, 859),
(3974, 860),
(2080, 861),
(2065, 865),
(3309, 865),
(3377, 865),
(3635, 865),
(3541, 866),
(3617, 867),
(3690, 868),
(2534, 869),
(3204, 870),
(2748, 871),
(3810, 871),
(3470, 872),
(2369, 874),
(2741, 874),
(2415, 877),
(2562, 877),
(3976, 877),
(3112, 878),
(3611, 878),
(3808, 879),
(2794, 881),
(3220, 881),
(2311, 882),
(2269, 883),
(2958, 883),
(3370, 883),
(3749, 883),
(2736, 884),
(2149, 887),
(2219, 888),
(3420, 888),
(3198, 889),
(2506, 890),
(3496, 890),
(2256, 891),
(2271, 891),
(2704, 891),
(3591, 891),
(3508, 892),
(3836, 894),
(2131, 895),
(2812, 895),
(3224, 895),
(3588, 895),
(3325, 896),
(3625, 899),
(2802, 902),
(2839, 902),
(3214, 902),
(2119, 903),
(2589, 903),
(3951, 903),
(2878, 904),
(2403, 905),
(2299, 906),
(2629, 906),
(2816, 907),
(3689, 910),
(2946, 911),
(3083, 911),
(3581, 912),
(2234, 914),
(3719, 914),
(3933, 914),
(2642, 916),
(3121, 917),
(2461, 918),
(2453, 919),
(2684, 919),
(3297, 919),
(3399, 919),
(2126, 920),
(2703, 921),
(2945, 921),
(4053, 921),
(3502, 924),
(3791, 924),
(3190, 925),
(2169, 926),
(2801, 926),
(2657, 928),
(3737, 928),
(2324, 929),
(2635, 930),
(3498, 930),
(2228, 933),
(3374, 933),
(3968, 936),
(2797, 937),
(3619, 938),
(3515, 939),
(3627, 939),
(2781, 940),
(3189, 940),
(2316, 941),
(3777, 942),
(2640, 943),
(3830, 943),
(3358, 944),
(3561, 944),
(3747, 944),
(3085, 945),
(3788, 945),
(2322, 946),
(2989, 947),
(3599, 947),
(3936, 947),
(3073, 948),
(2306, 951),
(4014, 951),
(2157, 952),
(2821, 953),
(3322, 953),
(3814, 953),
(2337, 954),
(3951, 957),
(2357, 958),
(3153, 958),
(2458, 959),
(3477, 959),
(2153, 961),
(2348, 961),
(3390, 962),
(3005, 963),
(3752, 963),
(3395, 965),
(2134, 966),
(3235, 966),
(3651, 966),
(3710, 966),
(2061, 967),
(2383, 967),
(3739, 967),
(2617, 968),
(2498, 970),
(2090, 971),
(2236, 971),
(2331, 971),
(2240, 972),
(2463, 972),
(2781, 972),
(3697, 972),
(4033, 972),
(3281, 973),
(3772, 976),
(3930, 976),
(2161, 977),
(2199, 977),
(2455, 978),
(2150, 981),
(3469, 981),
(2112, 982),
(3095, 982),
(2665, 983),
(2097, 987),
(3237, 988),
(3450, 988),
(2251, 989),
(2875, 989),
(3047, 989),
(2241, 990),
(3454, 990),
(3544, 990),
(2215, 991),
(3554, 991),
(3828, 993),
(2069, 994),
(3667, 994),
(2395, 995),
(3071, 996),
(3262, 996),
(2057, 997),
(3590, 997),
(3808, 997),
(2511, 998),
(3141, 998),
(2348, 999),
(2337, 1001),
(2363, 1001),
(2333, 1002),
(3027, 1002),
(3978, 1002),
(3576, 1003),
(2866, 1005),
(3153, 1005),
(3423, 1006),
(3243, 1009),
(2906, 1010),
(2726, 1012),
(2096, 1014),
(2510, 1015),
(3686, 1015),
(3833, 1015),
(2966, 1016),
(3767, 1018),
(3185, 1019),
(2521, 1022),
(2428, 1026),
(2603, 1027),
(2069, 1029),
(3103, 1029),
(2225, 1030),
(3807, 1030),
(3904, 1030),
(2241, 1031),
(2310, 1032),
(2755, 1032),
(2111, 1033),
(2499, 1033),
(2185, 1034),
(3563, 1034),
(2654, 1038),
(3486, 1039),
(3979, 1039),
(2387, 1042),
(2634, 1042),
(3680, 1048),
(3877, 1048),
(4026, 1049),
(2564, 1051),
(3078, 1051),
(2534, 1053),
(3291, 1054),
(2861, 1055),
(3340, 1057),
(2843, 1059),
(3111, 1060),
(3233, 1061),
(2225, 1062),
(3266, 1062),
(2751, 1064),
(3553, 1065),
(3984, 1067),
(2193, 1068),
(2250, 1068),
(2369, 1068),
(2146, 1069),
(3820, 1069),
(4010, 1069),
(3397, 1070),
(3584, 1077),
(2670, 1079),
(2769, 1081),
(3846, 1083),
(2620, 1084),
(3251, 1085),
(3929, 1085),
(3432, 1086),
(2318, 1087),
(2691, 1087),
(3071, 1087),
(3347, 1087),
(3471, 1087),
(3519, 1087),
(2512, 1089),
(2942, 1089),
(3128, 1091),
(2577, 1095),
(3289, 1095),
(3723, 1095),
(2101, 1098),
(2271, 1098),
(2851, 1098),
(2534, 1099),
(3107, 1099),
(3654, 1101),
(3089, 1102),
(2490, 1105),
(2716, 1105),
(3082, 1105),
(3759, 1105),
(2383, 1106),
(2976, 1106),
(2986, 1106),
(3670, 1106),
(2618, 1108),
(2941, 1109),
(3045, 1109),
(3974, 1109),
(2887, 1110),
(3652, 1111),
(2657, 1112),
(4024, 1112),
(2453, 1113),
(2703, 1113),
(3385, 1113),
(2328, 1114),
(2427, 1114),
(3846, 1114),
(2259, 1115),
(2504, 1117),
(3433, 1118),
(2244, 1120),
(2273, 1120),
(3251, 1120),
(3451, 1120),
(4039, 1120),
(2247, 1121),
(4011, 1122),
(2603, 1124),
(3388, 1124),
(2529, 1125),
(3943, 1125),
(2318, 1126),
(2763, 1126),
(2184, 1128),
(2303, 1129),
(2410, 1130),
(3693, 1130),
(3944, 1130),
(3948, 1130),
(2113, 1131),
(2437, 1131),
(3486, 1132),
(3579, 1132),
(3007, 1133),
(3627, 1133),
(3985, 1134),
(2883, 1135),
(4056, 1136);

-- --------------------------------------------------------

--
-- Table structure for table `Categories`
--

CREATE TABLE `Categories` (
  `id` int NOT NULL,
  `Name` varchar(100) CHARACTER SET utf8mb4 COLLATE utf8mb4_unicode_ci NOT NULL,
  `PricePerNight` float NOT NULL,
  `NumberOfGuests` int NOT NULL
) ENGINE=InnoDB DEFAULT CHARSET=utf8mb4 COLLATE=utf8mb4_unicode_ci;

--
-- Dumping data for table `Categories`
--

INSERT INTO `Categories` (`id`, `Name`, `PricePerNight`, `NumberOfGuests`) VALUES
(1, 'Standard', 100, 5),
(2, 'Superior', 150, 4),
(3, 'Deluxe', 200, 3),
(4, 'Suite', 300, 2);

-- --------------------------------------------------------

--
-- Table structure for table `Category_Amenity`
--

CREATE TABLE `Category_Amenity` (
  `Amenity_Id` int NOT NULL,
  `Category_id` int NOT NULL
) ENGINE=InnoDB DEFAULT CHARSET=utf8mb4 COLLATE=utf8mb4_0900_ai_ci;

--
-- Dumping data for table `Category_Amenity`
--

INSERT INTO `Category_Amenity` (`Amenity_Id`, `Category_id`) VALUES
(1, 1),
(2, 1),
(3, 1),
(1, 2),
(1, 3),
(2, 3),
(1, 4),
(2, 4),
(3, 4);

-- --------------------------------------------------------

--
-- Table structure for table `Customers`
--

CREATE TABLE `Customers` (
  `Id` int NOT NULL,
  `Fullname` varchar(100) CHARACTER SET utf8mb4 COLLATE utf8mb4_unicode_ci NOT NULL,
  `CitizenId` char(12) CHARACTER SET utf8mb4 COLLATE utf8mb4_unicode_ci NOT NULL
) ENGINE=InnoDB DEFAULT CHARSET=utf8mb4 COLLATE=utf8mb4_unicode_ci;

--
-- Dumping data for table `Customers`
--

INSERT INTO `Customers` (`Id`, `Fullname`, `CitizenId`) VALUES
(135, 'Mady Irce', '845950360331'),
(137, 'Annmaria Simcock', '871637199666'),
(138, 'Alexi Janczak', '814039956701'),
(139, 'Yalonda McSkin', '823478247153'),
(140, 'Jaynell Fell', '822991831004'),
(141, 'Erinn Blaise', '873334997215'),
(142, 'Elwyn Joel', '885953187196'),
(143, 'Doloritas McElrea', '816866526047'),
(144, 'Teirtza Carncross', '862207187397'),
(145, 'Eugene Dabernott', '808983813919'),
(146, 'Ransom Parker', '886611059376'),
(147, 'Tami Koop', '851172615833'),
(148, 'Larissa Howorth', '844234098971'),
(149, 'Sutherlan Maryon', '821716228956'),
(150, 'Candis Swindlehurst', '879457358094'),
(151, 'Perceval Dyhouse', '897331007649'),
(152, 'Katusha Novill', '856388019045'),
(153, 'Alica McGettrick', '804978781368'),
(154, 'Ahmed Trembey', '829328662406'),
(155, 'Terri Queste', '864284701656'),
(156, 'Cathy Cawthorne', '893668834482'),
(157, 'Nathaniel Parlett', '899415207321'),
(158, 'Jobi Phillins', '824593059569'),
(159, 'Rodrique Giovannoni', '880251813418'),
(160, 'Harlin Curryer', '870879355984'),
(161, 'Hort Hanna', '831637588518'),
(162, 'Ced Winspeare', '819465472412'),
(163, 'Marsh Grennan', '836782371383'),
(164, 'Ginger Spiby', '886245181595'),
(165, 'Tarrance Bartholomieu', '849202829575'),
(166, 'Sondra Heisman', '810638402016'),
(167, 'Andreas Giacovetti', '895221522070'),
(168, 'Darcee Port', '875669848677'),
(169, 'Dorey Kelinge', '890016610974'),
(170, 'Nixie Bellchamber', '821995750786'),
(171, 'Maximilian Quakley', '894503595346'),
(172, 'Hanny Jandak', '888641112547'),
(173, 'Noland O\'Lochan', '807682450576'),
(174, 'Risa Franzotto', '887889901724'),
(175, 'Gabbie Gulliman', '817560204657'),
(176, 'Beverly Bautiste', '885721231026'),
(177, 'Pepi Noden', '867522459169'),
(178, 'Misty Adnams', '833446657218'),
(179, 'Laverna Gowar', '894128218389'),
(180, 'Hillier McComb', '834915057079'),
(181, 'Neille Luebbert', '812631993895'),
(182, 'Abbott Strathman', '851952204598'),
(183, 'Nickie Peltzer', '832463777175'),
(184, 'Roslyn Breckwell', '856203354691'),
(185, 'Madlin Daughtry', '820803535178'),
(186, 'Susi Frantzen', '865005592582'),
(187, 'Harlen Reiach', '888091439026'),
(188, 'Sibilla Scothorne', '837821461435'),
(189, 'Sigismund Kiley', '847182001563'),
(190, 'Putnam Gwillim', '807343110001'),
(191, 'Selinda Mossop', '833540083965'),
(192, 'Bonnibelle O\'Hickey', '805087810818'),
(193, 'Suzi Walwood', '866127432544'),
(194, 'Sindee Curl', '812015506471'),
(195, 'Almire Bowyer', '812931325646'),
(196, 'Caria Millican', '801890348810'),
(197, 'Camella Rawles', '843143056525'),
(198, 'Ange Vynall', '838315714082'),
(199, 'Marietta Whelpdale', '848267248971'),
(200, 'Nola Conre', '835250152432'),
(201, 'Kristo Baldery', '852760981957'),
(202, 'Darlleen Godfroy', '871709667755'),
(203, 'Donaugh Eshelby', '884800165614'),
(204, 'Hube Gilhouley', '809737556445'),
(205, 'Enriqueta Rengger', '815545629329'),
(206, 'Adena Moultrie', '850574730556'),
(207, 'Penni Ghidetti', '830315943950'),
(208, 'Rayner Dwane', '806191159834'),
(209, 'Neysa Shotbolt', '827967452095'),
(210, 'Dasya Welchman', '853971860225'),
(211, 'Donetta Folonin', '860367033142'),
(212, 'Peder Shillaker', '848346877077'),
(213, 'Franzen Deeman', '830721451083'),
(214, 'Devlen Collingridge', '841740972036'),
(215, 'Ly Banghe', '857172413431'),
(216, 'Cammi Bingall', '836594219104'),
(217, 'Lucita Cleall', '801679748028'),
(218, 'Marijo Guyot', '828005048117'),
(219, 'Remus Jephcott', '823437714604'),
(220, 'Hewett Layland', '877437963600'),
(221, 'Sosanna Tilby', '875421022536'),
(222, 'Martina Balcon', '844479721663'),
(223, 'Ulrich Nucci', '871982153251'),
(224, 'Blondell Kenrack', '821485283883'),
(225, 'Yance Kinlock', '853471265105'),
(226, 'Christiana Mcwhinnie', '832801160188'),
(227, 'Bron Lytton', '804880886122'),
(228, 'Priscella Mosdall', '817397804989'),
(229, 'Valli Volke', '825127522966'),
(230, 'Charles Matyukon', '851018586386'),
(231, 'Josy Joao', '806209864795'),
(232, 'Shayna Brockley', '851576710839'),
(233, 'Mallory Riccardelli', '830869524742'),
(234, 'Tan Evanson', '831104366428'),
(235, 'Agathe M\'cowis', '842142543697'),
(236, 'Rolf Izzard', '884722947785'),
(237, 'Elfie Lippingwell', '837546100667'),
(238, 'Eduardo Croix', '803654260957'),
(239, 'Hyacinthie Soots', '862875775511'),
(240, 'Jessa Ensley', '864880004301'),
(241, 'Alyssa Fairlem', '807037842883'),
(242, 'Sandro Bondar', '882199563346'),
(243, 'Emlyn Scherme', '865480242534'),
(244, 'Pepe Corday', '862825416655'),
(245, 'Yorgos Shepcutt', '801678070320'),
(246, 'Torin Euler', '841514569979'),
(247, 'Garreth Gave', '846744239914'),
(248, 'Octavius Roskams', '847924035364'),
(249, 'Malorie Costin', '860639109714'),
(250, 'Beauregard Butterick', '843195467098'),
(251, 'Crawford Andryszczak', '846234230935'),
(252, 'Adaline Stoves', '894323836308'),
(253, 'Engracia Baradel', '800599235647'),
(254, 'Zak Jonczyk', '817023298360'),
(255, 'Quill Farguhar', '855772503558'),
(256, 'Thomasina Wray', '838619812585'),
(257, 'Garrard Ewing', '848074242101'),
(258, 'Ammamaria Gasperi', '842525055429'),
(259, 'Netty Blumire', '854480008496'),
(260, 'Milena Sleight', '872065802166'),
(261, 'Sidonnie Scarce', '889265847617'),
(262, 'Elysee Arends', '805942143268'),
(263, 'Emile Mitkin', '864574572671'),
(264, 'Kile Gobolos', '888335912744'),
(265, 'Micheil Loosemore', '855387770596'),
(266, 'Tuck Cantwell', '887790828831'),
(267, 'Vite Venton', '885673187524'),
(268, 'Orran McArdle', '861729478395'),
(269, 'Eartha Waddup', '849844349508'),
(270, 'Kiri July', '888522479953'),
(271, 'Goddart Faunt', '827928048112'),
(272, 'Bastian Paddell', '891602293307'),
(273, 'Catina Beert', '849980137327'),
(274, 'Nanni Poad', '891450572425'),
(275, 'Town Gomme', '875199308380'),
(276, 'Alaster Vyse', '866244357669'),
(277, 'Lisette Wilmut', '840604710365'),
(278, 'Emmey Ralfe', '807654028734'),
(279, 'Filbert Getten', '835599584452'),
(280, 'Syman Lorking', '821847225472'),
(281, 'Rafa Clemmens', '876855613482'),
(282, 'Adriaens Bathersby', '826571069276'),
(283, 'Ronald Waggatt', '881586865718'),
(284, 'Lexy Garvagh', '880699816634'),
(285, 'Celestia Atling', '839575426106'),
(286, 'Dorris Franssen', '852916281196'),
(287, 'Nessy Golder', '824674140787'),
(288, 'Amargo Lowton', '860112735179'),
(289, 'Dorri Lambden', '830879227237'),
(290, 'Farr Iwanczyk', '816055590533'),
(291, 'Bride White', '839274737390'),
(292, 'Karola Deeman', '855086529093'),
(293, 'Philly Menichino', '870934954721'),
(294, 'Anders Marquot', '813548013274'),
(295, 'Nissie Hindrich', '851574483441'),
(296, 'Sheelagh Bassham', '876019183750'),
(297, 'Neala Barnicott', '879976571307'),
(298, 'Fields Letixier', '805374729877'),
(299, 'Donica Mackison', '845931421020'),
(300, 'Ranna MacKowle', '870903480418'),
(301, 'Claudina Gallehawk', '844618942522'),
(302, 'Nesta Ferrucci', '808859561264'),
(303, 'Nertie Bremley', '817358938167'),
(304, 'Pip Gaukrodge', '845201977982'),
(305, 'Noach Ambridge', '862585101208'),
(306, 'Lutero Livesay', '886295434970'),
(307, 'Lazarus O\'Spillane', '820260887054'),
(308, 'Una Dugue', '853019077861'),
(309, 'Lindsay Maine', '849548403680'),
(310, 'Berthe O\'Doohaine', '805117974792'),
(311, 'Carlee Vasenin', '881490188702'),
(312, 'Brandyn Twinterman', '874873297879'),
(313, 'Noreen Fairall', '859742293203'),
(314, 'Theresita Cattrall', '805097428503'),
(315, 'Beryle Gosney', '846368232306'),
(316, 'Crichton McCuthais', '870123227399'),
(317, 'Honor Camus', '866345045358'),
(318, 'Peri Zellner', '817224099538'),
(319, 'Darice Hune', '821570473112'),
(320, 'Ada Jamrowicz', '850755340148'),
(321, 'Falito Emeny', '830337261422'),
(322, 'Trstram Eccersley', '895884002073'),
(323, 'Mina Goulthorp', '857211019711'),
(324, 'Olia Lamplugh', '821606133257'),
(325, 'Rena Marthen', '805094046839'),
(326, 'Loren Bowlands', '886129595776'),
(327, 'Andie Maystone', '848561470022'),
(328, 'Sayers Castanares', '800817074453'),
(329, 'Arny Lehrmann', '835334053683'),
(330, 'Boothe Hirth', '802856113918'),
(331, 'Brenden Spohrmann', '874904577094'),
(332, 'Daryn Kumaar', '850852308714'),
(333, 'Meryl Exroll', '866898893631'),
(334, 'Saundra Brandli', '882385426964'),
(335, 'Warner Sheardown', '879704027557'),
(336, 'Rahal Blackwell', '871730446003'),
(337, 'Brooks Langfat', '849951042326'),
(338, 'Rachael Glencros', '818974440523'),
(339, 'Madalyn Buffery', '830280296678'),
(340, 'Blondy Stanes', '836140683557'),
(341, 'Celka Smissen', '800058653990'),
(342, 'Fredelia Antonognoli', '808683272192'),
(343, 'Dione Harkin', '880657959371'),
(344, 'Winifield Cristofol', '874874918400'),
(345, 'Frans Scates', '864514362879'),
(346, 'Antonetta Gartan', '895844930318'),
(347, 'Guenna Epsley', '853364876530'),
(348, 'Berne Sibbet', '809395924261'),
(349, 'Adelind Pinnocke', '812240359806'),
(350, 'Seumas Capelen', '891777813384'),
(351, 'Claudian Davage', '874969787448'),
(352, 'Carleton Horsewood', '887140565728'),
(353, 'Olenka Tuny', '852951748550'),
(354, 'Jocelyne Beange', '862993680800'),
(355, 'Eleanora Harrild', '871927397035'),
(356, 'Sonny Burlingham', '817081672108'),
(357, 'Jerry Norman', '843673657267'),
(358, 'Normy Bedbrough', '854969408281'),
(359, 'Marys Heditch', '844709385469'),
(360, 'Gusti Longdon', '819662519509'),
(361, 'Audrye Leavens', '835677620141'),
(362, 'Devondra Eppson', '816436648145'),
(363, 'Udell Phippen', '803790809818'),
(364, 'Stern Beert', '897132757131'),
(365, 'Sidonia Hayle', '830106436502'),
(366, 'Rosemarie Piquard', '877848291355'),
(367, 'Issi Adnam', '864865504261'),
(368, 'Ethelin Doud', '830824023312'),
(369, 'Theadora Vuittet', '886968152605'),
(370, 'Willie Longmead', '888072548620'),
(371, 'Emmaline Franzetti', '839830152828'),
(372, 'Emylee Patty', '889283505109'),
(373, 'Joyann Thickins', '835337270950'),
(374, 'Sascha Carhart', '866708850559'),
(375, 'Lynna Mechi', '829932161572'),
(376, 'Karoly Dargue', '829246435807'),
(377, 'Ivan Purry', '865557888213'),
(378, 'Ollie Callacher', '825199613057'),
(379, 'Corbett Heffernon', '882894586389'),
(380, 'Elvin Raftery', '828829687500'),
(381, 'Olenolin Koba', '826737307644'),
(382, 'Enrico Kellington', '860529480850'),
(383, 'Alard Haryngton', '860471180255'),
(384, 'Collie Leteurtre', '870921040273'),
(385, 'Hasheem Moorman', '879888541218'),
(386, 'Chad Fallowes', '848135619414'),
(387, 'Othilia Lissett', '896695634782'),
(388, 'Tabb McCrory', '873167553791'),
(389, 'Kristopher Rosenblum', '806485245961'),
(390, 'Pearl Piborn', '807597126359'),
(391, 'Carlita Edsall', '838091226357'),
(392, 'Jamesy Strowthers', '895654332108'),
(393, 'Aeriel McCooke', '828201837504'),
(394, 'Kendrick Leeming', '827101075901'),
(395, 'Leigha Joseff', '845586084465'),
(396, 'Tynan Butterworth', '836981649374'),
(397, 'Isidora Childerhouse', '857684685337'),
(398, 'Ronalda Samms', '829841796516'),
(399, 'Delaney Capstick', '840034582701'),
(400, 'Brose Ruddell', '825018303196'),
(401, 'Orelia Nevet', '821749481717'),
(402, 'Haskell Pardy', '856557787062'),
(403, 'Holly Fairpo', '814633322472'),
(404, 'Marvin Berthelet', '845596866165'),
(405, 'Delores Spradbrow', '883677872758'),
(406, 'Brana Sausman', '823183108039'),
(407, 'Arney Teal', '808064097358'),
(408, 'Aaron Quye', '845028684973'),
(409, 'Cynde Roberti', '873091441795'),
(410, 'Niki Grigoliis', '895085632412'),
(411, 'Sissy Simnel', '895681603742'),
(412, 'Gannie Dietmar', '850845268221'),
(413, 'Lishe Edelheit', '826247558868'),
(414, 'Sadella Christauffour', '853911821995'),
(415, 'Bari Monkman', '817278279833'),
(416, 'Dylan Meaden', '836082348739'),
(417, 'Celestyna McKeighen', '821645811682'),
(418, 'Shir Crutch', '874906360411'),
(419, 'Zarah Grandham', '899114766316'),
(420, 'Rolando Cluckie', '830589296166'),
(421, 'Jemmie Beneteau', '804983863380'),
(422, 'Marcie Haspineall', '811854127974'),
(423, 'Lee Daile', '850332169432'),
(424, 'Orelee Fowlston', '841891519312'),
(425, 'Eleonora Heinert', '809744506508'),
(426, 'Uta Averall', '839341254256'),
(427, 'Yoshi Crowche', '852017656024'),
(428, 'Kelsey Burkwood', '822682024052'),
(429, 'Sharyl O\'Leagham', '874731998305'),
(430, 'Murvyn Highman', '882237830443'),
(431, 'Humfried Munt', '896213972046'),
(432, 'Levy Cadwaladr', '811449372491'),
(433, 'Dyanna Wrack', '811266104177'),
(434, 'Morrie Breydin', '811532418682'),
(435, 'Evvy Bramford', '836692280567'),
(436, 'Marielle Manthroppe', '874947458845'),
(437, 'Muffin Nethercott', '884810794832'),
(438, 'Irina Wrightem', '897226753506'),
(439, 'Clayton Riedel', '890093483643'),
(440, 'Charlene Bierman', '886540216328'),
(441, 'Florian Keighley', '828458473938'),
(442, 'Odelle Grace', '883536378878'),
(443, 'Jillana Gaythor', '835626075074'),
(444, 'Jody Asmus', '849300076918'),
(445, 'Morly Kilgallon', '897022030823'),
(446, 'Rosabel Lewsam', '885628506090'),
(447, 'Dodi Loreit', '854084871666'),
(448, 'Loralee Jouannot', '843513551619'),
(449, 'Deni Brundall', '858660912492'),
(450, 'Felicity Kibbey', '817730174643'),
(451, 'Margaretta Lorenzin', '810208632172'),
(452, 'Nikoletta Mealham', '802894616501'),
(453, 'Christen Pitman', '854732540473'),
(454, 'Norina Bruty', '891441188660'),
(455, 'Tally Norcock', '803166974329'),
(456, 'Cosimo Cornforth', '877801933727'),
(457, 'Ambrosi Antonijevic', '887797455533'),
(458, 'Denis Bowman', '838552920179'),
(459, 'Meridith Hawes', '856408973092'),
(460, 'Jefferey Dobel', '863475518425'),
(461, 'Maressa Surplice', '865578904262'),
(462, 'Frederich Urion', '803487042946'),
(463, 'Cassie Lewing', '881008757065'),
(464, 'Tally Tussaine', '865277647234'),
(465, 'Johannah Gillott', '812529934421'),
(466, 'El Feenan', '818758900919'),
(467, 'Eveline Linay', '856218295406'),
(468, 'Una Ormonde', '897119705737'),
(469, 'Gerome Kobke', '857447480964'),
(470, 'Bent Castagnet', '837019625173'),
(471, 'Ninetta Noar', '859507015901'),
(472, 'Vick Pickerin', '807025143896'),
(473, 'Aura Surby', '862019807445'),
(474, 'Thacher Bewlie', '840691576017'),
(475, 'Almira Southwick', '815085983072'),
(476, 'Deck Chalcraft', '806125787473'),
(477, 'Sidoney Cargon', '819279162733'),
(478, 'Giustino Turpey', '876188935951'),
(479, 'Jacquette Mosten', '890584919239'),
(480, 'Kevina Vanner', '831807995000'),
(481, 'Alanah Kment', '857249569388'),
(482, 'Sidonnie Wycliff', '850693101478'),
(483, 'Kale Janovsky', '830055471414'),
(484, 'Trish Hannant', '851000253876'),
(485, 'Enrica Martinot', '887525008391'),
(486, 'Lonnard Merrell', '834932978156'),
(487, 'Celestyna Blaisdell', '882966771819'),
(488, 'Toddie Harker', '854265142289'),
(489, 'Reidar Greber', '895242027776'),
(490, 'Morna Stollenwerck', '848335792418'),
(491, 'Rafaellle Volet', '887879815161'),
(492, 'Mead Warlton', '828578343834'),
(493, 'Ricca Inglesfield', '893300545317'),
(494, 'Rutger Bridson', '853948187809'),
(495, 'Reynolds Trorey', '830942827770'),
(496, 'Ofilia Richings', '880392110691'),
(497, 'Scot Duling', '860381859691'),
(498, 'Shalom Thackeray', '864836033888'),
(499, 'Darryl Seeks', '834602185641'),
(500, 'Brennan Finlay', '817287013983'),
(501, 'Kalinda Blacksland', '816618849549'),
(502, 'Trude Perrinchief', '848118853467'),
(503, 'Yoshi Fruen', '880470099310'),
(504, 'Reese Ashwell', '821169578263'),
(505, 'Lana Gregoraci', '859176424015'),
(506, 'Miran Kollasch', '857206476990'),
(507, 'Des Bushill', '867816168766'),
(508, 'Gonzalo Wingfield', '891535426648'),
(509, 'Anita Alchin', '872346453029'),
(510, 'Arri Angelo', '871259171064'),
(511, 'Vicky Brommage', '865131018190'),
(512, 'Gayel Clutheram', '827127921924'),
(513, 'Les Harrowing', '871688329942'),
(514, 'Steven Bates', '875877583746'),
(515, 'Denyse Sherreard', '844440251594'),
(516, 'Farr Abrahmson', '842015841400'),
(517, 'Filia Costanza', '895085664226'),
(518, 'Benedetto Easen', '886432145209'),
(519, 'Ashlie Wallage', '881026377214'),
(520, 'Jessika Capnor', '855918119065'),
(521, 'Faber Chezelle', '801737012581'),
(522, 'Faunie Coton', '842576772004'),
(523, 'Consuela Van de Velde', '860915938838'),
(524, 'Thornie Hargey', '820400375591'),
(525, 'Suzanna Lowthian', '879427616952'),
(526, 'Mabelle Franzen', '875626880336'),
(527, 'Idaline Shinefield', '878868334428'),
(528, 'Vaughn Radin', '822359558361'),
(529, 'Lark Mc Curlye', '890309570639'),
(530, 'Hailee Aldhous', '895676652651'),
(531, 'Julee Passion', '868002570823'),
(532, 'Beulah Vinnicombe', '828447298422'),
(533, 'Merwin Danser', '827950628746'),
(534, 'Yolande Poulter', '858743941171'),
(535, 'Gizela Salter', '851296690359'),
(536, 'Erik Viles', '881832500836'),
(537, 'Kin Skate', '888861145271'),
(538, 'Mathew Trusse', '843879616384'),
(539, 'Mathilda Mazella', '843256546290'),
(540, 'Ellene Baldoni', '849483008582'),
(541, 'Dot Cogle', '818630522068'),
(542, 'Francyne Auchterlony', '831955374559'),
(543, 'Loralee Petrushkevich', '869471531123'),
(544, 'Arlyn Absolem', '853008389789'),
(545, 'Luella Burnyate', '892578750016'),
(546, 'Ericka Jeannequin', '893711000238'),
(547, 'Rodd Canacott', '801460163014'),
(548, 'Horatia Steart', '868234424748'),
(549, 'Olia Boshard', '880781363271'),
(550, 'Carlyn Gladman', '820156281595'),
(551, 'Priscilla Guile', '899785537450'),
(552, 'Bearnard Strettell', '862932207480'),
(553, 'Devina Shill', '863412606351'),
(554, 'Lucine Kinney', '893605101963'),
(555, 'Stanislas Lindemann', '892246255793'),
(556, 'Hanny Challen', '851523201499'),
(557, 'Joshia Cyson', '871680444975'),
(558, 'Lorne Jouaneton', '863959715960'),
(559, 'Niki Viger', '855726015535'),
(560, 'Verney Heers', '844351888284'),
(561, 'El Spadotto', '853567665575'),
(562, 'Kikelia ffrench Beytagh', '874549915371'),
(563, 'Cornelia Seedhouse', '849250187556'),
(564, 'Granny Yanyshev', '813507074307'),
(565, 'Spike LAbbet', '834601058713'),
(566, 'Rebekkah Hothersall', '878497413158'),
(567, 'Dalli Counter', '853329973421'),
(568, 'Margi Fearon', '881966220499'),
(569, 'Pren Busch', '811306933966'),
(570, 'Greta Gellert', '808964717254'),
(571, 'Anna Byrcher', '824814857866'),
(572, 'Deane Bradbeer', '807500403551'),
(573, 'Ginni Roglieri', '888814676955'),
(574, 'Jandy Young', '863667068273'),
(575, 'Brandy Castagneto', '896138499684'),
(576, 'Kendricks Schooling', '811515255383'),
(577, 'Portia Bubb', '860677444596'),
(578, 'Tiffani Wooles', '851147316543'),
(579, 'Catlin Cornford', '842637859070'),
(580, 'Courtney Hillett', '858468481712'),
(581, 'Eleni Menear', '888448765313'),
(582, 'Bennett Pipworth', '806134475865'),
(583, 'Rayna Arlott', '846305661343'),
(584, 'Shelli Hablot', '819088585852'),
(585, 'Kirbie Lambkin', '851409997323'),
(586, 'Koren Casajuana', '849550621151'),
(587, 'Portia Blaxland', '874775443342'),
(588, 'Hermine Betz', '875362013996'),
(589, 'Virgil Smeaton', '863764015705'),
(590, 'Pearle Davidoff', '810049514178'),
(591, 'Greg Rosenfrucht', '822132633747'),
(592, 'Roby Rotlauf', '829139875943'),
(593, 'Davita Froschauer', '871472309772'),
(594, 'Aurora Riby', '820066590706'),
(595, 'Shalne Ciccottio', '817248665336'),
(596, 'Samuel Rowena', '836461929455'),
(597, 'Anneliese Henkens', '869808426964'),
(598, 'Florinda Chanson', '851943547293'),
(599, 'Harmonia Prewett', '807203068176'),
(600, 'Talia Burlingham', '828810996005'),
(601, 'Dagmar Hodinton', '875338412620'),
(602, 'Earle Myrkus', '896528675492'),
(603, 'Kayla Cardo', '898431215263'),
(604, 'Winni Frenchum', '825919633099'),
(605, 'Armand Cracoe', '834564681543'),
(606, 'Adrianna McCaw', '806908799003'),
(607, 'Emmalee Breinl', '838529199109'),
(608, 'Evvie McAuley', '851634371953'),
(609, 'Reamonn Bolam', '841905773103'),
(610, 'Ryun Swinley', '847163981537'),
(611, 'Amargo Copner', '875588778901'),
(612, 'Andeee Bicker', '850284856300'),
(613, 'Genni Jackson', '841008165731'),
(614, 'Salvatore Jurasek', '829694507019'),
(615, 'Katya Duffree', '873759998917'),
(616, 'Connie Pitceathly', '816916807855'),
(617, 'Auria McGreay', '808598678323'),
(618, 'Grange Leavey', '815113840245'),
(619, 'Marysa Sweeney', '803835091214'),
(620, 'Cherye Faye', '814807949454'),
(621, 'Nanci Palle', '868427951070'),
(622, 'Dinny Bygate', '872364441360'),
(623, 'Jewell Phair', '802597205909'),
(624, 'Darda Hatliff', '829210114635'),
(625, 'Starlin Rider', '834883587740'),
(626, 'Cordy Illidge', '896345320326'),
(627, 'Carter Shildrick', '869795166198'),
(628, 'Brooke Glenister', '846419073740'),
(629, 'Prisca Gourdon', '843295406964'),
(630, 'Stefan Rowson', '850343668774'),
(631, 'Blancha Maffiotti', '847071341296'),
(632, 'Sean Pethrick', '892364981117'),
(633, 'Allys Winterton', '824844662532'),
(634, 'Klaus Wisniowski', '839564123526'),
(635, 'Jobie Reuven', '829807876634'),
(636, 'Flor Baert', '831072263742'),
(637, 'Jeromy Gravestone', '819970879836'),
(638, 'Isaak Digginson', '821972844689'),
(639, 'Crin Borsnall', '874046471471'),
(640, 'Irvine Lindenberg', '853084567897'),
(641, 'Augustine Hammond', '899997283470'),
(642, 'Sharla Astbury', '811717411301'),
(643, 'Odelinda Overill', '894986714136'),
(644, 'Tersina Hughes', '869666628462'),
(645, 'Gerick Cardno', '811008810662'),
(646, 'Milicent Blankenship', '892273410608'),
(647, 'Wald Davidde', '890182343940'),
(648, 'Farrel Fishbourn', '850125542738'),
(649, 'Lynnelle Carrane', '821758699036'),
(650, 'Parker Westraw', '880465853231'),
(651, 'Kelvin Tal', '835915887982'),
(652, 'Zebedee Olesen', '842108741100'),
(653, 'Blakeley Lansdale', '859999473666'),
(654, 'Carmon Jindra', '892205236300'),
(655, 'Nicole Playle', '836102287737'),
(656, 'Brietta Krelle', '854828702423'),
(657, 'Chloette Sendall', '858705107200'),
(658, 'Binny Rimes', '815057138855'),
(659, 'Ashbey Gebby', '852130612178'),
(660, 'Findley Cauthra', '875584971967'),
(661, 'Augustus Flecknell', '838119213018'),
(662, 'Lauralee Offener', '810743513286'),
(663, 'Lauraine Panther', '863262028916'),
(664, 'Jenn Chinge de Hals', '802757095172'),
(665, 'Micah Kelloway', '852742482802'),
(666, 'Jesse Fuxman', '812911770000'),
(667, 'Parke Neillans', '835568856441'),
(668, 'Adolph Caser', '866013522785'),
(669, 'Eliot Moggle', '835532808373'),
(670, 'Dmitri Shakshaft', '839025728976'),
(671, 'Enrika Munford', '874027525153'),
(672, 'Maxy Mennithorp', '888186509455'),
(673, 'Bank Goddert.sf', '877788127249'),
(674, 'Benedicta Kubista', '832488069239'),
(675, 'Annelise Kidson', '843424498306'),
(676, 'Brad Guyonneau', '806951583813'),
(677, 'Kenn Gurnee', '886778544483'),
(678, 'Arlan Ungerecht', '887755999921'),
(679, 'Isaak Luddy', '838900571450'),
(680, 'Andre Winser', '854973390640'),
(681, 'Tasha Bauduin', '877362291649'),
(682, 'Nils Beccero', '812307052409'),
(683, 'Evin MacColl', '834970858840'),
(684, 'Evelyn Urion', '818857504325'),
(685, 'Shantee Threlfall', '811286609028'),
(686, 'Nalani Pinnijar', '886723926732'),
(687, 'Winny Ollivierre', '873873193567'),
(688, 'Davis Sloley', '894691525422'),
(689, 'Nelia Harty', '851137302847'),
(690, 'Elsinore Emig', '895229199840'),
(691, 'Wheeler Fone', '852925321885'),
(692, 'Hamnet Bineham', '823870376374'),
(693, 'Flss Gulliford', '896651421953'),
(694, 'Odette Woolfall', '848629390397'),
(695, 'Wyatt Chataignier', '842873253652'),
(696, 'Merwin Bugby', '873610978997'),
(697, 'Sarena Oldam', '895066862484'),
(698, 'Arnuad Volker', '858968694892'),
(699, 'Evaleen Tappor', '862464137761'),
(700, 'Galina Paule', '846427385354'),
(701, 'Guntar Duguid', '859853737846'),
(702, 'Agneta Panchen', '817610227075'),
(703, 'Onfre Lamonby', '885687956745'),
(704, 'Wilmette Hartwright', '881725307350'),
(705, 'Gladys Klejna', '898390773210'),
(706, 'Alla Bestiman', '850615700125'),
(707, 'Stanleigh Litherborough', '850081090952'),
(708, 'Pamella O\'Clery', '825397650057'),
(709, 'Adrian Ridout', '834777939477'),
(710, 'Berget Cund', '843857503229'),
(711, 'Johnathan Gookes', '846267626409'),
(712, 'Pooh Gameson', '831507937267'),
(713, 'Rosalie Bigrigg', '856078292592'),
(714, 'Querida Chellingworth', '839923242194'),
(715, 'Marylin Dreier', '805157773423'),
(716, 'Muffin Wallice', '890303419473'),
(717, 'Ginnifer Saberton', '824240521326'),
(718, 'Hannie Sumpner', '889653628521'),
(719, 'Zollie Annear', '873946251109'),
(720, 'Eveline Littlejohns', '835616314013'),
(721, 'Dania Sever', '833723440713'),
(722, 'Venus Kagan', '826244157196'),
(723, 'Albertine Lumsdale', '857616214066'),
(724, 'Jean Wickstead', '895987047554'),
(725, 'Frankie Jorcke', '837725875942'),
(726, 'Paige Ginsie', '836758977824'),
(727, 'Alberta Withrop', '880207007659'),
(728, 'Myrtice Bletsor', '803016568544'),
(729, 'Cozmo De Avenell', '867357521937'),
(730, 'Leandra Maffioni', '827674285865'),
(731, 'Nicolai Morecombe', '807335244290'),
(732, 'Chen Flacknell', '814585606404'),
(733, 'Nat Stitch', '825684443397'),
(734, 'Klement Theodore', '849979458356'),
(735, 'Gianna Lammenga', '803114532714'),
(736, 'Sancho Shiers', '864408714712'),
(737, 'Lishe Vasyaev', '884217925213'),
(738, 'Hazel Cestard', '862751440881'),
(739, 'Bertha Harman', '830483487047'),
(740, 'Christiano Brennen', '807271323886'),
(741, 'Valli Franssen', '803001166958'),
(742, 'Norine Ivankin', '848315090582'),
(743, 'Gradey Lachaize', '865246424784'),
(744, 'Paloma Vowden', '875407244009'),
(745, 'Karlis Bikker', '878699599213'),
(746, 'Kelwin Monnoyer', '807795750789'),
(747, 'Hugues Jacobovitch', '865185593185'),
(748, 'Birk Tabor', '829596501642'),
(749, 'Golda Haydn', '881763855288'),
(750, 'Aila Hutten', '868350082932'),
(751, 'Webb Eagle', '889616801708'),
(752, 'Donny Syms', '810589780635'),
(753, 'Zoe Edlyn', '869162232615'),
(754, 'Yance Wisedale', '899243625511'),
(755, 'Simonne MacKintosh', '852396134694'),
(756, 'Ilka Stiant', '808365237298'),
(757, 'Lonnard Davidoff', '810235904138'),
(758, 'Haley Stainson', '891903609663'),
(759, 'Harmony Alesio', '831396565524'),
(760, 'Faye Crich', '846119025425'),
(761, 'Rossie Leere', '891894374163'),
(762, 'Cornie Lilliman', '832167929073'),
(763, 'Abran Blune', '815758616889'),
(764, 'Miltie Matcham', '875633730082'),
(765, 'Nadiya Gadesby', '825949760821'),
(766, 'Robbi Gapper', '879392196651'),
(767, 'Selma Albery', '802377548035'),
(768, 'Fraser Gyves', '861184470642'),
(769, 'Marin Lamy', '893667156564'),
(770, 'Aileen Whitlow', '801167152631'),
(771, 'Toinette Knappe', '835629032193'),
(772, 'Belva Mithun', '846803822447'),
(773, 'Ramsey Ker', '834141001455'),
(774, 'Shepard Leek', '842934455651'),
(775, 'Avery Krojn', '845117319106'),
(776, 'Rainer Figgen', '824097123644'),
(777, 'Ned Selley', '808080001816'),
(778, 'Veronique Huguet', '835974393797'),
(779, 'Rikki Paul', '873943622726'),
(780, 'Gibb Adanet', '815478000547'),
(781, 'Barrie Small', '846340426357'),
(782, 'Waite Jacobsz', '852068446312'),
(783, 'Steffie Neljes', '893257037124'),
(784, 'Eva Keggins', '870980255487'),
(785, 'Darrel Sissons', '803016819539'),
(786, 'Hercules Mityashin', '861351368016'),
(787, 'Marketa Worman', '883783334460'),
(788, 'Kassey Snoddin', '880740482803'),
(789, 'Rupert McIndoe', '852945944354'),
(790, 'Robby Leman', '883834254466'),
(791, 'Gorden Sieur', '852916260869'),
(792, 'Sib Lanegran', '857941522066'),
(793, 'Pattin Pinchon', '861686534150'),
(794, 'Emmey Gilbey', '881418958975'),
(795, 'Kalil Gresly', '845527748357'),
(796, 'Clemente Usherwood', '899369826125'),
(797, 'Rochella Benes', '878059938641'),
(798, 'Mala Pavic', '864846426954'),
(799, 'Reese Grimsdith', '827818230007'),
(800, 'Sunshine Pilmore', '880151569703'),
(801, 'Carmon Steart', '806914843151'),
(802, 'Alia Westmacott', '800948970335'),
(803, 'Xever Filasov', '889903742615'),
(804, 'Kiah Brill', '875721413235'),
(805, 'Joseph McVee', '837083188159'),
(806, 'Samantha Cowderoy', '813943071737'),
(807, 'Bessy Glanton', '842279441007'),
(808, 'Karleen Readmire', '812941010452'),
(809, 'Trumann Fetherby', '876288748733'),
(810, 'Hazel Southern', '849038817126'),
(811, 'Adelheid McFeat', '863991159321'),
(812, 'Lynde Gonnard', '831394871891'),
(813, 'Wolfie Icom', '898785647018'),
(814, 'Haydon Glenn', '876798532770'),
(815, 'Damaris McKinna', '839174570843'),
(816, 'Jonie Vales', '819306972264'),
(817, 'Binky Magrannell', '824274949540'),
(818, 'Priscilla Dumbrall', '818798460679'),
(819, 'Dudley Brevitt', '889908131003'),
(820, 'Christal Dunston', '836803252877'),
(821, 'Freddy Silverstone', '849779668805'),
(822, 'Oralie Mabe', '878202829274'),
(823, 'Ruthanne Eschelle', '813868405931'),
(824, 'Maximo Sinott', '846107054569'),
(825, 'Phoebe Llewelyn', '819660400822'),
(826, 'Larisa Pacey', '853028694521'),
(827, 'Mycah Twallin', '872584032368'),
(828, 'Rowena Annandale', '816631557397'),
(829, 'Talbot Dettmar', '802150938065'),
(830, 'Tore Miner', '853122435881'),
(831, 'Jasun Bebb', '871477704554'),
(832, 'Marinna Gellion', '833121788927'),
(833, 'Cyb Scotchmore', '817131054255'),
(834, 'Bartholomeo Whalebelly', '892322224426'),
(835, 'Kissee Davies', '831393664156'),
(836, 'Homere Cusick', '831142478567'),
(837, 'Anthony Albiston', '881692222078'),
(838, 'Sheridan Tommen', '853497639121'),
(839, 'Talia Prowse', '829465360130'),
(840, 'Teressa Poinsett', '840512785236'),
(841, 'Roxy Tinker', '878302063859'),
(842, 'Aindrea Chapellow', '808968587607'),
(843, 'Kirsten Hofer', '878941919147'),
(844, 'Philippine Firmage', '889519528039'),
(845, 'Mayer Cottie', '872224985920'),
(846, 'Jo-ann Grimstead', '860716530964'),
(847, 'Ozzie Doggett', '869486469817'),
(848, 'Brockie Gullen', '851508308315'),
(849, 'Adore McCrossan', '882606751794'),
(850, 'Ignatius Robel', '858282972949'),
(851, 'Angel Chree', '848697103838'),
(852, 'Jonie Foyster', '874372125519'),
(853, 'Pamela Lomaz', '878532040159'),
(854, 'Jakob Measures', '819512730152'),
(855, 'Kara-lynn Parke', '805456156080'),
(856, 'Ange Borsi', '893781716837'),
(857, 'Kirsteni Iwanicki', '832409212412'),
(858, 'Dalis Venes', '827812184000'),
(859, 'Gareth Ching', '840086670434'),
(860, 'Kelsey Middlewick', '860389701822'),
(861, 'Abigael Baldi', '849824375913'),
(862, 'Adela McReynolds', '860313057127'),
(863, 'Xymenes Kubicka', '829884850909'),
(864, 'Clive Langdale', '802317819595'),
(865, 'Pancho Postins', '807403996139'),
(866, 'Mort Garton', '833243713303'),
(867, 'Vail Gorusso', '811773261091'),
(868, 'Ara Timewell', '821500243506'),
(869, 'Hazlett Heers', '827023984921'),
(870, 'Alfons Dayley', '866836911023'),
(871, 'Jammal Parsall', '847516070148'),
(872, 'Cornie O\'Lunny', '868956860787'),
(873, 'Etheline Sworn', '824403111186'),
(874, 'Jasen Friedank', '892864029463'),
(875, 'Traci Verlinden', '863450388785'),
(876, 'Terri-jo Hares', '825455238027'),
(877, 'Vevay McPaike', '897739769856'),
(878, 'Kaela Lerohan', '872339895622'),
(879, 'Dennie Berrey', '832240470449'),
(880, 'Vanda Kellard', '801331658121'),
(881, 'Amandi Backshall', '815425600451'),
(882, 'Shanna Fyers', '814627450081'),
(883, 'Lorelle Romke', '827922200563'),
(884, 'Julee Eastes', '836387295944'),
(885, 'Audre Novic', '836772823693'),
(886, 'Arden Sink', '870067396453'),
(887, 'Ado Kingcote', '899577951330'),
(888, 'Aurelie Walisiak', '856121582854'),
(889, 'Nobe Bignall', '800447991529'),
(890, 'Stacee Ivanishev', '826347700481'),
(891, 'Doralyn Wolford', '854198036875'),
(892, 'Leland Gummow', '875249136110'),
(893, 'Emmaline Welch', '853389782434'),
(894, 'Nelle Addionizio', '867238783683'),
(895, 'Dode Rayment', '886929727010'),
(896, 'Dinah Edsall', '899318146187'),
(897, 'Ryun Borris', '866810307331'),
(898, 'Cecilius Mealiffe', '831559599524'),
(899, 'Jordanna Turfitt', '871766971881'),
(900, 'Calida Doll', '889840717899'),
(901, 'Gale Rabbitts', '860082117814'),
(902, 'Lazar Chaman', '804119816549'),
(903, 'Briny Theodore', '842902841322'),
(904, 'Yul Commings', '834451849095'),
(905, 'Daryle Britton', '829873550912'),
(906, 'Ethelred Ilyushkin', '884495659433'),
(907, 'Peirce Wardle', '826333244080'),
(908, 'Arden Heasly', '898125978276'),
(909, 'Daisie Tribell', '852296376261'),
(910, 'Raye Bierling', '850358059071'),
(911, 'Ottilie Farlambe', '849077665499'),
(912, 'Jeff Holdey', '804381866193'),
(913, 'Laurent Bratley', '824615555413'),
(914, 'Kathie Blinco', '889357582176'),
(915, 'Maude Challender', '890900127243'),
(916, 'Derrick Ickovici', '851969340281'),
(917, 'Ashlie Just', '857533293188'),
(918, 'Clemmy Stobart', '824047945358'),
(919, 'Alfie Brodnecke', '807863970395'),
(920, 'Hazel Sutlieff', '860798078354'),
(921, 'Isidoro Brakespear', '874344918771'),
(922, 'Verne Bernhart', '857778666205'),
(923, 'Terrence Cowlin', '832517969036'),
(924, 'Lexie Mathelin', '823504945771'),
(925, 'Cassius Beidebeke', '851685572298'),
(926, 'Daisy Aymeric', '842306174855'),
(927, 'Cathee Bediss', '836636406896'),
(928, 'Elonore Spoure', '868222973775'),
(929, 'Anissa Cordes', '873600985722'),
(930, 'Denny Minard', '867638023329'),
(931, 'Ginni Olivey', '843545413252'),
(932, 'Kayne Bagger', '889862139878'),
(933, 'Marilyn McTerrelly', '829488637873'),
(934, 'Jackqueline Riccione', '835311643634'),
(935, 'Jourdain Banisch', '843875476612'),
(936, 'Sapphira Fifoot', '851181350935'),
(937, 'Clerc Thies', '850674199420'),
(938, 'Vern Nulty', '817610465901'),
(939, 'Bucky Devonport', '813424374826'),
(940, 'Mac Rolland', '825914995161'),
(941, 'Lindon Herety', '892674979382'),
(942, 'Nikki Doulton', '882168243317'),
(943, 'Hubey Paolicchi', '814671526760'),
(944, 'Brock Cartmael', '837341724782'),
(945, 'Arlen Alcorn', '867813810726'),
(946, 'Tatiana Colebrook', '899848190415'),
(947, 'Stephine Ker', '860903105111'),
(948, 'Valentine Appleford', '877330936282'),
(949, 'Clarissa Gwyer', '868557591842'),
(950, 'Sterling Yoseloff', '858496721065'),
(951, 'Fidelia Decroix', '858394137849'),
(952, 'Mira Lackie', '808431335872'),
(953, 'Elane Fairham', '808604237355'),
(954, 'Burch Readhead', '834587101384'),
(955, 'Fanchette Enders', '819881243005'),
(956, 'Rani Boote', '841211324542'),
(957, 'Elmore Worboy', '892355044361'),
(958, 'Axe Siege', '894495769814'),
(959, 'Colver Maneylaws', '898953092889'),
(960, 'Trstram Guiso', '804921502888'),
(961, 'Catharine Tomanek', '826202636005'),
(962, 'Darn Aberkirdo', '881963810178'),
(963, 'Sharia Greswell', '800410601019'),
(964, 'Phelia Ingry', '861454466342'),
(965, 'Raffarty Vallender', '832506551721'),
(966, 'Gloria Powdrell', '878664090934'),
(967, 'Albina Roly', '805699616669'),
(968, 'Kylila Pedder', '845735193668'),
(969, 'Marlyn Tapsfield', '894170514467'),
(970, 'Nerte Leppo', '866846068959'),
(971, 'Sterne Fleote', '895142546397'),
(972, 'Katha Millions', '810132014212'),
(973, 'Reiko Center', '800040958025'),
(974, 'Georg Conachy', '822310993359'),
(975, 'Brock Moran', '812102940607'),
(976, 'Rubie Parsisson', '882010540633'),
(977, 'Frazier Stepto', '895911296854'),
(978, 'Waverley Weston', '838435372065'),
(979, 'Worthington Springle', '872365905400'),
(980, 'Charo Pally', '826889920290'),
(981, 'Allys Ambrogio', '835941606352'),
(982, 'Bettina Heminsley', '861085827985'),
(983, 'Arline Mucklo', '873274136107'),
(984, 'Zena Puckham', '886849961105'),
(985, 'Fairfax Droogan', '839122933019'),
(986, 'Shannen Paradine', '849333672437'),
(987, 'Frederique Mogenot', '807301162159'),
(988, 'Lynda O\'Hollegan', '806573452593'),
(989, 'Hazel Burdge', '822332877479'),
(990, 'Evaleen Unger', '811401329718'),
(991, 'Mendy Gregorio', '884869577073'),
(992, 'Luca Nares', '800754018157'),
(993, 'Cobb Josephy', '875878355508'),
(994, 'Shelagh Goodbody', '840553470918'),
(995, 'Cesar Garnham', '859506561377'),
(996, 'Bunny Garthshore', '851157773003'),
(997, 'Trudie Gallear', '857235458651'),
(998, 'Brander Headan', '840518578868'),
(999, 'Brigg Hinchcliffe', '807700196213'),
(1000, 'Stanislaw Spleving', '875849275225'),
(1001, 'Cilka Jumeau', '863740980926'),
(1002, 'Winna Livingston', '887190073133'),
(1003, 'Jervis Desporte', '856041609547'),
(1004, 'Kissee Scatchard', '862222433959'),
(1005, 'Tull Plumley', '838939738713'),
(1006, 'Colin McKeever', '876280095020'),
(1007, 'Lydon Brower', '896966211119'),
(1008, 'Lynnet Jelphs', '842489734931'),
(1009, 'Dorothee Blackney', '866972051177'),
(1010, 'Lydon Wenn', '879688679701'),
(1011, 'Celesta Pohling', '830604264010'),
(1012, 'Rustie Ecob', '825664465992'),
(1013, 'Dorothy Nilges', '867704401307'),
(1014, 'Netta Mawby', '841615262091'),
(1015, 'Walton Walden', '864126755481'),
(1016, 'Roberto Keepe', '853337715312'),
(1017, 'Camilla Jarrel', '876851829107'),
(1018, 'Olympia Iannello', '815666079309'),
(1019, 'Ricoriki De Vuyst', '831810581355'),
(1020, 'Clementia McTague', '818265570109'),
(1021, 'Henry Khosa', '862307225790'),
(1022, 'Pammy Dineges', '842018795915'),
(1023, 'Tiff Kolis', '812214395679'),
(1024, 'Annie Bonifazio', '864779461759'),
(1025, 'Duff Horbart', '893320603988'),
(1026, 'Dal Klosges', '877776731312'),
(1027, 'Ingram Harness', '873706501886'),
(1028, 'Raven Bollard', '803343493016'),
(1029, 'Brand Farans', '873413216236'),
(1030, 'Karlene Gomery', '843090215149'),
(1031, 'Benn Headan', '804837812097'),
(1032, 'Yorker Pitchford', '866043961454'),
(1033, 'Boris Hinckes', '863008902463'),
(1034, 'Franciskus Houlison', '852719989807'),
(1035, 'Dennis Allward', '865182054093'),
(1036, 'Tito Semorad', '840145259737'),
(1037, 'Carmita Bleby', '888497032270'),
(1038, 'Joceline Froschauer', '897179944620'),
(1039, 'Thaddeus McTrusty', '873948630594'),
(1040, 'Booth Riolfi', '842155625452'),
(1041, 'Gerhardine Girke', '840756382484'),
(1042, 'Laureen Atlay', '816119934077'),
(1043, 'Maegan Dallimare', '807642214634'),
(1044, 'Kearney Essberger', '826212745068'),
(1045, 'Concordia Milillo', '894901757386'),
(1046, 'Muffin Malden', '885349838024'),
(1047, 'Titos Hedgeley', '861875494950'),
(1048, 'Gav Harmond', '890305345124'),
(1049, 'Corrina Sobtka', '832366639819'),
(1050, 'Orrin Kornel', '834221356088'),
(1051, 'Pippy Boult', '800896969924'),
(1052, 'Palm Slark', '850252051669'),
(1053, 'Mortie Mattholie', '863263886413'),
(1054, 'Phineas Norrey', '893992319289'),
(1055, 'Titus Tredwell', '819341959535'),
(1056, 'Amy Scally', '839685733920'),
(1057, 'Helyn Banasevich', '859752950553'),
(1058, 'Brynna Nutbean', '833497088260'),
(1059, 'Wolfgang Esposi', '868059007193'),
(1060, 'Harli Watkins', '846386259174'),
(1061, 'Tome Pilmer', '857108906146'),
(1062, 'Niven Scutchings', '885519619301'),
(1063, 'Maisie Got', '832023790321'),
(1064, 'Essie Kail', '813527356399'),
(1065, 'Taddeusz Postgate', '859941063587'),
(1066, 'Michelina Gritsunov', '891359651811'),
(1067, 'Sybille Wathen', '875161671772'),
(1068, 'Oby Joney', '841845481414'),
(1069, 'Parrnell Eastes', '893015137734'),
(1070, 'Leta Bewick', '822164883632'),
(1071, 'Yolanthe Konmann', '857689595435'),
(1072, 'Shela Romao', '849606032215'),
(1073, 'Homerus Kiddell', '886108794603'),
(1074, 'Finlay Trathen', '872966424806'),
(1075, 'Francyne Fossett', '864657536920'),
(1076, 'Alvan Bromilow', '887432574470'),
(1077, 'Damien Higgan', '886169771386'),
(1078, 'Cahra Felce', '889911959662'),
(1079, 'Melisande Loxley', '892950167297'),
(1080, 'Caressa Delieu', '815772347723'),
(1081, 'Rosalia Habron', '820225540713'),
(1082, 'Shane Cords', '881388964487'),
(1083, 'Judd Klein', '870664559992'),
(1084, 'Staci Mortlock', '845232107573'),
(1085, 'Ody Wahncke', '800864079817'),
(1086, 'Renate Newarte', '866946095880'),
(1087, 'Garold Weatherburn', '804537698602'),
(1088, 'Corissa Lurner', '840826922074'),
(1089, 'Broddie Ramel', '892681252448'),
(1090, 'Blondelle Itzakson', '894507164788'),
(1091, 'Mandie Hegg', '898179955608'),
(1092, 'Blondie Hunt', '873370144310'),
(1093, 'Kamillah Romushkin', '844188810126'),
(1094, 'Perle Bridat', '811773266243'),
(1095, 'Rolfe Allonby', '851087767653'),
(1096, 'Cathe Benton', '856365070823'),
(1097, 'Sully Mawman', '876886494546'),
(1098, 'Judah Aloshechkin', '824053621708'),
(1099, 'Julian Beeby', '861150834404'),
(1100, 'Waite Widdowfield', '805799647207'),
(1101, 'Adriaens De Carteret', '893631993378'),
(1102, 'Obidiah Menendes', '895376524597'),
(1103, 'Jena Wylie', '889876210976'),
(1104, 'Ashlan Russon', '864038152199'),
(1105, 'Garwin Capell', '864553149909'),
(1106, 'Lianna Whiston', '863113202062'),
(1107, 'Emalia Collabine', '887139271340'),
(1108, 'Nikaniki Balding', '867554181929'),
(1109, 'Aristotle Jelks', '898050766245'),
(1110, 'Jewelle Andryunin', '848257643614'),
(1111, 'Bertine Wind', '859826391270'),
(1112, 'Hilde Meth', '844672546594'),
(1113, 'Abbye Paskell', '802090288710'),
(1114, 'Ashlan Mirrlees', '892068602788'),
(1115, 'Teddy Aizikovich', '886194151499'),
(1116, 'Putnem Lyngsted', '843422863810'),
(1117, 'Revkah Bullard', '802692093676'),
(1118, 'Verile Glacken', '896489782184'),
(1119, 'Hatty Dabes', '863041408034'),
(1120, 'Efrem Trahair', '850965378097'),
(1121, 'Fee Rosina', '851303291233'),
(1122, 'Annis Folds', '820492876011'),
(1123, 'Nickolai Ashley', '851587165307'),
(1124, 'Findlay Mavin', '861952844785'),
(1125, 'Carlye Caselli', '807493144190'),
(1126, 'Annabela Jaskowicz', '870630768896'),
(1127, 'Monti Allicock', '829580222013'),
(1128, 'Cherie Grzelewski', '807838651507'),
(1129, 'Kassi Greenstead', '802762433856'),
(1130, 'Jessee Pebworth', '847952168050'),
(1131, 'Adele Estcourt', '851048626674'),
(1132, 'Doris Poinsett', '841641718380'),
(1133, 'Alfred Sanja', '851333260776'),
(1134, 'Michaelina Brunskill', '856914326751'),
(1135, 'Phillida Reaper', '802925549089'),
(1136, 'H Tin Sinh', '123456789012');

-- --------------------------------------------------------

--
-- Table structure for table `Floors`
--

CREATE TABLE `Floors` (
  `Id` int NOT NULL,
  `Name` int NOT NULL,
  `Area_Id` int NOT NULL
) ENGINE=InnoDB DEFAULT CHARSET=utf8mb4 COLLATE=utf8mb4_0900_ai_ci;

--
-- Dumping data for table `Floors`
--

INSERT INTO `Floors` (`Id`, `Name`, `Area_Id`) VALUES
(1, 1, 1),
(2, 2, 1),
(3, 3, 1),
(4, 4, 1),
(5, 1, 2),
(6, 2, 2),
(7, 1, 3),
(8, 2, 3),
(9, 1, 4),
(10, 2, 4),
(11, 3, 3),
(12, 3, 4),
(13, 4, 4);

-- --------------------------------------------------------

--
-- Table structure for table `Hotels`
--

CREATE TABLE `Hotels` (
  `Id` int NOT NULL,
  `Name` varchar(100) CHARACTER SET utf8mb4 COLLATE utf8mb4_0900_ai_ci NOT NULL,
  `Phone` varchar(12) CHARACTER SET utf8mb4 COLLATE utf8mb4_0900_ai_ci DEFAULT NULL,
  `Location` varchar(100) DEFAULT NULL,
  `Email` varchar(30) CHARACTER SET utf8mb4 COLLATE utf8mb4_0900_ai_ci DEFAULT NULL
) ENGINE=InnoDB DEFAULT CHARSET=utf8mb4 COLLATE=utf8mb4_0900_ai_ci;

--
-- Dumping data for table `Hotels`
--

INSERT INTO `Hotels` (`Id`, `Name`, `Phone`, `Location`, `Email`) VALUES
(1, 'HCMUS', '0987654321', '227 Nguyn Vn C, Q5, HCM', 'info@hcmus.com');

-- --------------------------------------------------------

--
-- Table structure for table `RoomImages`
--

CREATE TABLE `RoomImages` (
  `Id` int NOT NULL,
  `Room_Id` int DEFAULT NULL,
  `URL` varchar(255) CHARACTER SET utf8mb4 COLLATE utf8mb4_unicode_ci DEFAULT NULL
) ENGINE=InnoDB DEFAULT CHARSET=utf8mb4 COLLATE=utf8mb4_unicode_ci;

--
-- Dumping data for table `RoomImages`
--

INSERT INTO `RoomImages` (`Id`, `Room_Id`, `URL`) VALUES
(1, 1, '/public/images/room-1.jpg'),
(2, 2, '/public/images/room-2.jpg'),
(3, 3, '/public/images/room-3.jpg'),
(4, 4, '/public/images/room-4.jpg'),
(5, 5, '/public/images/room-5.jpg'),
(6, 6, '/public/images/room-6.jpg'),
(7, 7, '/public/images/room-7.jpg'),
(8, 8, '/public/images/room-8.jpg'),
(9, 9, '/public/images/room-9.jpg'),
(10, 10, '/public/images/room-10.jpg'),
(11, 11, '/public/images/room-11.jpg'),
(12, 12, '/public/images/room-12.jpg'),
(13, 13, '/public/images/room-13.jpg'),
(14, 14, '/public/images/room-14.jpg'),
(15, 15, '/public/images/room-15.jpg'),
(16, 16, '/public/images/room-16.jpg'),
(17, 17, '/public/images/room-17.jpg'),
(18, 18, '/public/images/room-18.jpg'),
(19, 19, '/public/images/room-19.jpg'),
(20, 20, '/public/images/room-20.jpg'),
(21, 21, '/public/images/room-21.jpg'),
(22, 22, '/public/images/room-22.jpg'),
(23, 23, '/public/images/room-23.jpg'),
(24, 24, '/public/images/room-24.jpg'),
(25, 25, '/public/images/room-25.jpg'),
(26, 26, '/public/images/room-26.jpg'),
(27, 27, '/public/images/room-27.jpg'),
(28, 28, '/public/images/room-28.jpg'),
(29, 29, '/public/images/room-29.jpg'),
(30, 30, '/public/images/room-30.jpg');

-- --------------------------------------------------------

--
-- Table structure for table `Rooms`
--

CREATE TABLE `Rooms` (
  `id` int NOT NULL,
  `Category_Id` int NOT NULL,
  `Floor_Id` int NOT NULL,
  `Status` varchar(20) CHARACTER SET utf8mb4 COLLATE utf8mb4_unicode_ci NOT NULL,
  `Name` int NOT NULL
) ENGINE=InnoDB DEFAULT CHARSET=utf8mb4 COLLATE=utf8mb4_unicode_ci;

--
-- Dumping data for table `Rooms`
--

INSERT INTO `Rooms` (`id`, `Category_Id`, `Floor_Id`, `Status`, `Name`) VALUES
(1, 1, 1, 'available', 1),
(2, 1, 6, 'available', 1),
(3, 2, 8, 'available', 1),
(4, 1, 6, 'available', 2),
(5, 1, 10, 'available', 3),
(6, 3, 12, 'available', 4),
(7, 4, 8, 'available', 8),
(8, 4, 3, 'available', 3),
(9, 1, 8, 'available', 4),
(10, 4, 1, 'available', 5),
(11, 3, 6, 'available', 1),
(12, 2, 11, 'available', 3),
(13, 4, 9, 'available', 5),
(14, 4, 12, 'available', 5),
(15, 3, 4, 'available', 1),
(16, 4, 7, 'available', 1),
(17, 4, 7, 'available', 10),
(18, 2, 5, 'available', 8),
(19, 2, 5, 'available', 10),
(20, 2, 1, 'available', 7),
(21, 3, 7, 'available', 10),
(22, 1, 10, 'available', 3),
(23, 2, 3, 'available', 3),
(24, 4, 1, 'available', 1),
(25, 2, 5, 'available', 10),
(26, 4, 9, 'available', 1),
(27, 4, 4, 'available', 9),
(28, 4, 12, 'available', 2),
(29, 1, 11, 'available', 9),
(30, 1, 9, 'available', 5);

-- --------------------------------------------------------

--
-- Table structure for table `Users`
--

CREATE TABLE `Users` (
  `Id` int NOT NULL,
  `Email` varchar(30) CHARACTER SET utf8mb4 COLLATE utf8mb4_unicode_ci NOT NULL,
  `Password` varchar(255) CHARACTER SET utf8mb4 COLLATE utf8mb4_unicode_ci NOT NULL,
  `Fullname` varchar(30) CHARACTER SET utf8mb4 COLLATE utf8mb4_unicode_ci NOT NULL,
  `Role` varchar(20) CHARACTER SET utf8mb4 COLLATE utf8mb4_unicode_ci NOT NULL,
  `ImageURL` varchar(255) CHARACTER SET utf8mb4 COLLATE utf8mb4_unicode_ci NOT NULL
) ENGINE=InnoDB DEFAULT CHARSET=utf8mb4 COLLATE=utf8mb4_unicode_ci;

--
-- Dumping data for table `Users`
--

INSERT INTO `Users` (`Id`, `Email`, `Password`, `Fullname`, `Role`, `ImageURL`) VALUES
(3, 'manager@example.com', '$2b$12$PZHcLo7X2AhhoaFYC6AjV.cFUxekJgLCHEqtgA4DjLaETT4nePHMi', 'user1', 'Manager', '/public/images/user-1.jpg'),
(7, 'receptionist@example.com', '$2b$12$HO2iWaNklv9Y5Qr17WP/MuU3v7vMBQ37hOoJ6LtvRp.xumjtMPyt2', 'user3', 'Receptionist', '/public/images/user-2.jpg'),
(8, 'executive@example.com', '$2b$12$MkBlaerbENPTh5FRsGt86OXbfu2DIa.2FKd/6iUgDIDd9thXkvjSW', 'user4', 'Executive', '/public/images/user-3.jpg');

-- --------------------------------------------------------

--
-- Table structure for table `User_Area`
--

CREATE TABLE `User_Area` (
  `User_Id` int NOT NULL,
  `Area_Id` int NOT NULL
) ENGINE=InnoDB DEFAULT CHARSET=utf8mb4 COLLATE=utf8mb4_unicode_ci;

--
-- Dumping data for table `User_Area`
--

INSERT INTO `User_Area` (`User_Id`, `Area_Id`) VALUES
(3, 1),
(3, 2),
(7, 2);

--
-- Indexes for dumped tables
--

--
-- Indexes for table `Amenities`
--
ALTER TABLE `Amenities`
  ADD PRIMARY KEY (`id`),
  ADD UNIQUE KEY `Amenities_UNIQUE` (`id`),
  ADD UNIQUE KEY `Amenities_UNIQUE_1` (`Name`);

--
-- Indexes for table `Areas`
--
ALTER TABLE `Areas`
  ADD PRIMARY KEY (`Id`),
  ADD UNIQUE KEY `IX_Areas_Name` (`Name`),
  ADD UNIQUE KEY `Areas_UNIQUE` (`Id`),
  ADD KEY `IX_Areas_HotelId` (`Hotel_Id`);

--
-- Indexes for table `Bookings`
--
ALTER TABLE `Bookings`
  ADD PRIMARY KEY (`id`),
  ADD KEY `Bookings_Rooms_FK` (`Room_Id`);

--
-- Indexes for table `Booking_Customer`
--
ALTER TABLE `Booking_Customer`
  ADD PRIMARY KEY (`Booking_Id`,`Customer_Id`),
  ADD KEY `Booking_Customer_Customers_FK` (`Customer_Id`);

--
-- Indexes for table `Categories`
--
ALTER TABLE `Categories`
  ADD PRIMARY KEY (`id`),
  ADD UNIQUE KEY `categories_unique` (`Name`);

--
-- Indexes for table `Category_Amenity`
--
ALTER TABLE `Category_Amenity`
  ADD PRIMARY KEY (`Amenity_Id`,`Category_id`),
  ADD KEY `Category_Amenity_Categories_FK` (`Category_id`);

--
-- Indexes for table `Customers`
--
ALTER TABLE `Customers`
  ADD PRIMARY KEY (`Id`),
  ADD UNIQUE KEY `Customers_UNIQUE` (`CitizenId`);

--
-- Indexes for table `Floors`
--
ALTER TABLE `Floors`
  ADD PRIMARY KEY (`Id`),
  ADD KEY `IX_Floors_AreaId` (`Area_Id`);

--
-- Indexes for table `Hotels`
--
ALTER TABLE `Hotels`
  ADD PRIMARY KEY (`Id`);

--
-- Indexes for table `RoomImages`
--
ALTER TABLE `RoomImages`
  ADD PRIMARY KEY (`Id`),
  ADD KEY `RoomImages_Rooms_FK` (`Room_Id`);

--
-- Indexes for table `Rooms`
--
ALTER TABLE `Rooms`
  ADD PRIMARY KEY (`id`),
  ADD KEY `Rooms_Floors_FK` (`Floor_Id`),
  ADD KEY `Rooms_Categories_FK` (`Category_Id`);

--
-- Indexes for table `Users`
--
ALTER TABLE `Users`
  ADD PRIMARY KEY (`Id`),
  ADD UNIQUE KEY `Users_UNIQUE` (`Email`),
  ADD UNIQUE KEY `Users_UNIQUE_1` (`Id`);

--
-- Indexes for table `User_Area`
--
ALTER TABLE `User_Area`
  ADD PRIMARY KEY (`User_Id`,`Area_Id`),
  ADD UNIQUE KEY `User_Area_UNIQUE` (`User_Id`,`Area_Id`),
  ADD KEY `User_Area_Areas_FK` (`Area_Id`);

--
-- AUTO_INCREMENT for dumped tables
--

--
-- AUTO_INCREMENT for table `Amenities`
--
ALTER TABLE `Amenities`
  MODIFY `id` int NOT NULL AUTO_INCREMENT, AUTO_INCREMENT=4;

--
-- AUTO_INCREMENT for table `Areas`
--
ALTER TABLE `Areas`
  MODIFY `Id` int NOT NULL AUTO_INCREMENT, AUTO_INCREMENT=5;

--
-- AUTO_INCREMENT for table `Bookings`
--
ALTER TABLE `Bookings`
  MODIFY `id` int NOT NULL AUTO_INCREMENT, AUTO_INCREMENT=4057;

--
-- AUTO_INCREMENT for table `Categories`
--
ALTER TABLE `Categories`
  MODIFY `id` int NOT NULL AUTO_INCREMENT, AUTO_INCREMENT=5;

--
-- AUTO_INCREMENT for table `Customers`
--
ALTER TABLE `Customers`
  MODIFY `Id` int NOT NULL AUTO_INCREMENT, AUTO_INCREMENT=1137;

--
-- AUTO_INCREMENT for table `Floors`
--
ALTER TABLE `Floors`
  MODIFY `Id` int NOT NULL AUTO_INCREMENT, AUTO_INCREMENT=14;

--
-- AUTO_INCREMENT for table `Hotels`
--
ALTER TABLE `Hotels`
  MODIFY `Id` int NOT NULL AUTO_INCREMENT, AUTO_INCREMENT=2;

--
-- AUTO_INCREMENT for table `RoomImages`
--
ALTER TABLE `RoomImages`
  MODIFY `Id` int NOT NULL AUTO_INCREMENT, AUTO_INCREMENT=31;

--
-- AUTO_INCREMENT for table `Users`
--
ALTER TABLE `Users`
  MODIFY `Id` int NOT NULL AUTO_INCREMENT, AUTO_INCREMENT=9;

--
-- Constraints for dumped tables
--

--
-- Constraints for table `Areas`
--
ALTER TABLE `Areas`
  ADD CONSTRAINT `FK_Areas_Hotels_HotelId` FOREIGN KEY (`Hotel_Id`) REFERENCES `Hotels` (`Id`) ON DELETE CASCADE;

--
-- Constraints for table `Bookings`
--
ALTER TABLE `Bookings`
  ADD CONSTRAINT `Bookings_Rooms_FK` FOREIGN KEY (`Room_Id`) REFERENCES `Rooms` (`id`);

--
-- Constraints for table `Booking_Customer`
--
ALTER TABLE `Booking_Customer`
  ADD CONSTRAINT `Booking_Customer_Bookings_FK` FOREIGN KEY (`Booking_Id`) REFERENCES `Bookings` (`id`),
  ADD CONSTRAINT `Booking_Customer_Customers_FK` FOREIGN KEY (`Customer_Id`) REFERENCES `Customers` (`Id`);

--
-- Constraints for table `Category_Amenity`
--
ALTER TABLE `Category_Amenity`
  ADD CONSTRAINT `Category_Amenity_Amenities_FK` FOREIGN KEY (`Amenity_Id`) REFERENCES `Amenities` (`id`),
  ADD CONSTRAINT `Category_Amenity_Categories_FK` FOREIGN KEY (`Category_id`) REFERENCES `Categories` (`id`);

--
-- Constraints for table `Floors`
--
ALTER TABLE `Floors`
  ADD CONSTRAINT `FK_Floors_Areas_AreaId` FOREIGN KEY (`Area_Id`) REFERENCES `Areas` (`Id`) ON DELETE CASCADE;

--
-- Constraints for table `RoomImages`
--
ALTER TABLE `RoomImages`
  ADD CONSTRAINT `RoomImages_Rooms_FK` FOREIGN KEY (`Room_Id`) REFERENCES `Rooms` (`id`);

--
-- Constraints for table `Rooms`
--
ALTER TABLE `Rooms`
  ADD CONSTRAINT `Rooms_Categories_FK` FOREIGN KEY (`Category_Id`) REFERENCES `Categories` (`id`),
  ADD CONSTRAINT `Rooms_Floors_FK` FOREIGN KEY (`Floor_Id`) REFERENCES `Floors` (`Id`);

--
-- Constraints for table `User_Area`
--
ALTER TABLE `User_Area`
  ADD CONSTRAINT `User_Area_Areas_FK` FOREIGN KEY (`Area_Id`) REFERENCES `Areas` (`Id`),
  ADD CONSTRAINT `User_Area_Users_FK` FOREIGN KEY (`User_Id`) REFERENCES `Users` (`Id`);
COMMIT;

/*!40101 SET CHARACTER_SET_CLIENT=@OLD_CHARACTER_SET_CLIENT */;
/*!40101 SET CHARACTER_SET_RESULTS=@OLD_CHARACTER_SET_RESULTS */;
/*!40101 SET COLLATION_CONNECTION=@OLD_COLLATION_CONNECTION */;
